Date,Tag,TaipeiP,TaipeiM,NewTaipeiP,NewTaipeiM,TaoyuanP,TaoyuanM,TaichungP,TaichungM,TainanP,TainanM,KaohsiungP,KaohsiungM
2015/01/01,Syscom,76,8,71,98,11,10,49,74,97,55,98,26
2015/01/02,Syscom,93,46,6,96,22,2,81,91,35,50,75,76
2015/01/03,Syscom,77,22,21,49,88,15,76,45,97,34,55,78
2015/01/04,Syscom,97,36,54,69,13,56,14,36,53,65,33,84
2015/01/05,Syscom,28,39,11,47,65,99,72,58,1,41,11,97
2015/01/06,Syscom,34,30,99,63,69,51,58,72,14,46,20,29
2015/01/07,Syscom,75,46,40,26,92,83,57,46,66,37,27,98
2015/01/08,Syscom,50,28,43,7,71,79,11,16,64,71,85,7
2015/01/09,Syscom,74,39,84,1,51,23,22,38,80,97,23,73
2015/01/10,Syscom,11,11,94,100,72,90,17,3,62,96,65,27
2015/01/11,Syscom,72,99,39,84,65,69,49,30,100,46,38,56
2015/01/12,Syscom,97,70,72,51,27,2,31,98,87,38,40,48
2015/01/13,Syscom,92,0,24,16,48,10,59,17,9,4,44,89
2015/01/14,Syscom,99,19,16,9,73,86,23,33,17,13,57,67
2015/01/15,Syscom,44,62,24,99,23,73,47,12,91,54,44,81
2015/01/16,Syscom,79,0,7,53,83,69,45,54,88,38,71,29
2015/01/17,Syscom,76,87,12,51,42,2,61,28,55,45,16,63
2015/01/18,Syscom,33,77,87,7,52,24,32,73,86,40,20,93
2015/01/19,Syscom,63,31,58,65,52,50,76,28,55,28,9,1
2015/01/20,Syscom,57,26,23,21,6,22,14,90,15,46,37,78
2015/01/21,Syscom,62,76,54,18,28,62,12,63,44,64,35,83
2015/01/22,Syscom,23,64,33,20,94,66,5,56,91,6,99,47
2015/01/23,Syscom,36,53,60,59,25,82,46,37,41,86,2,50
2015/01/24,Syscom,87,96,46,13,61,96,26,54,73,56,68,64
2015/01/25,Syscom,7,71,80,85,22,1,51,20,37,30,60,88
2015/01/26,Syscom,9,98,24,57,72,73,50,87,86,42,25,32
2015/01/27,Syscom,23,6,57,97,8,72,88,53,55,71,14,84
2015/01/28,Syscom,26,53,75,34,32,69,78,0,95,2,44,33
2015/01/29,Syscom,5,44,38,1,63,36,34,68,31,31,41,14
2015/01/30,Syscom,23,18,56,23,31,17,99,40,57,60,45,100
2015/01/31,Syscom,20,5,75,36,42,80,61,53,29,91,62,34
2015/02/01,Syscom,72,48,32,93,5,77,16,84,75,63,1,12
2015/02/02,Syscom,16,70,19,60,8,90,58,26,74,19,8,15
2015/02/03,Syscom,54,9,55,97,23,54,74,48,98,22,94,34
2015/02/04,Syscom,67,55,92,89,94,24,15,62,46,27,27,52
2015/02/05,Syscom,32,22,41,28,65,52,94,61,79,15,21,3
2015/02/06,Syscom,56,8,14,18,86,67,63,51,24,21,52,99
2015/02/07,Syscom,43,68,99,69,80,71,56,19,26,38,99,88
2015/02/08,Syscom,13,50,72,99,79,55,14,66,19,45,28,51
2015/02/09,Syscom,82,23,72,38,25,38,63,17,96,31,2,27
2015/02/10,Syscom,80,11,2,22,53,55,45,60,71,86,43,71
2015/02/11,Syscom,11,37,4,27,2,50,16,32,6,16,61,14
2015/02/12,Syscom,0,25,28,27,15,81,73,55,47,54,29,20
2015/02/13,Syscom,10,25,38,32,18,77,10,34,35,82,88,7
2015/02/14,Syscom,8,96,16,43,66,20,100,52,94,71,85,35
2015/02/15,Syscom,49,46,23,40,33,86,58,98,9,69,49,59
2015/02/16,Syscom,4,13,32,94,88,97,73,25,16,40,29,95
2015/02/17,Syscom,79,25,24,63,96,13,8,42,8,89,29,8
2015/02/18,Syscom,52,32,35,56,63,2,42,32,38,44,53,83
2015/02/19,Syscom,54,48,92,45,87,52,79,69,66,63,1,14
2015/02/20,Syscom,3,22,28,48,39,36,72,81,35,93,14,71
2015/02/21,Syscom,30,92,39,86,45,31,25,94,9,96,15,4
2015/02/22,Syscom,8,91,26,12,15,44,19,33,34,56,41,50
2015/02/23,Syscom,8,84,22,38,69,33,47,59,21,25,0,25
2015/02/24,Syscom,100,86,47,73,88,47,6,94,25,36,76,59
2015/02/25,Syscom,34,9,82,62,58,13,26,23,23,57,14,55
2015/02/26,Syscom,16,1,78,25,40,37,88,67,0,82,83,63
2015/02/27,Syscom,7,73,96,86,45,47,78,97,86,51,21,83
2015/02/28,Syscom,96,6,56,47,74,63,38,67,5,75,10,51
2015/03/01,Syscom,6,29,46,34,85,4,27,23,9,8,38,62
2015/03/02,Syscom,20,60,61,95,36,58,53,26,18,80,49,100
2015/03/03,Syscom,6,69,94,32,99,50,97,92,90,84,47,9
2015/03/04,Syscom,22,59,38,15,82,61,55,74,60,5,93,68
2015/03/05,Syscom,77,12,32,31,10,71,15,43,39,48,63,77
2015/03/06,Syscom,10,63,78,96,93,56,50,18,99,98,6,90
2015/03/07,Syscom,48,78,33,67,25,56,67,50,64,14,9,42
2015/03/08,Syscom,98,15,64,79,57,39,47,69,66,71,98,55
2015/03/09,Syscom,24,80,38,58,9,96,48,2,43,85,20,99
2015/03/10,Syscom,49,40,10,30,58,91,53,58,14,49,77,3
2015/03/11,Syscom,93,12,69,12,31,94,77,91,96,39,92,70
2015/03/12,Syscom,94,82,65,22,72,89,93,97,54,63,7,69
2015/03/13,Syscom,97,26,91,33,68,91,29,64,56,56,85,4
2015/03/14,Syscom,43,60,69,96,93,1,87,23,7,31,2,86
2015/03/15,Syscom,62,24,1,44,61,1,19,12,62,77,6,64
2015/03/16,Syscom,29,11,77,84,53,97,47,39,15,52,72,94
2015/03/17,Syscom,90,10,11,89,29,43,51,54,20,1,76,90
2015/03/18,Syscom,75,36,84,44,56,11,14,78,53,10,59,87
2015/03/19,Syscom,33,76,91,20,99,24,70,42,84,19,6,18
2015/03/20,Syscom,80,8,51,19,30,61,40,72,22,67,71,32
2015/03/21,Syscom,0,44,92,92,82,53,95,23,22,78,33,60
2015/03/22,Syscom,38,89,93,46,83,42,96,86,2,41,20,34
2015/03/23,Syscom,96,25,74,2,56,17,41,64,50,7,60,0
2015/03/24,Syscom,75,31,17,34,83,3,30,29,48,78,59,21
2015/03/25,Syscom,99,69,8,24,21,44,53,78,16,20,23,58
2015/03/26,Syscom,20,76,66,51,66,90,27,1,20,17,52,59
2015/03/27,Syscom,17,82,14,37,26,31,0,6,60,79,20,71
2015/03/28,Syscom,86,18,18,25,54,34,33,93,59,93,18,98
2015/03/29,Syscom,16,45,63,57,78,13,70,9,59,68,15,73
2015/03/30,Syscom,60,10,98,59,85,96,39,33,6,79,43,31
2015/03/31,Syscom,19,64,69,21,90,20,68,50,87,93,81,42
2015/04/01,Syscom,78,4,99,29,51,9,46,62,0,83,50,0
2015/04/02,Syscom,29,30,10,57,10,62,58,24,50,6,39,7
2015/04/03,Syscom,98,71,46,88,81,32,2,98,89,23,92,80
2015/04/04,Syscom,33,73,85,42,12,57,83,13,2,56,71,97
2015/04/05,Syscom,42,98,52,6,10,41,9,73,82,57,64,95
2015/04/06,Syscom,76,47,88,61,28,17,23,13,18,93,5,65
2015/04/07,Syscom,39,33,66,11,96,32,4,91,20,59,32,3
2015/04/08,Syscom,65,57,34,29,20,35,99,77,80,22,34,71
2015/04/09,Syscom,23,56,19,95,16,30,5,3,85,29,28,57
2015/04/10,Syscom,59,45,67,46,65,22,2,15,35,91,63,61
2015/04/11,Syscom,78,52,45,64,21,34,43,45,11,90,54,4
2015/04/12,Syscom,27,74,11,96,10,98,13,60,93,60,69,69
2015/04/13,Syscom,1,97,93,97,95,35,36,32,77,62,41,27
2015/04/14,Syscom,15,8,99,30,56,79,55,48,61,69,29,10
2015/04/15,Syscom,82,49,35,43,49,36,23,89,77,48,54,22
2015/04/16,Syscom,38,18,83,74,16,16,25,16,89,37,4,70
2015/04/17,Syscom,85,28,92,29,70,60,86,90,98,36,48,13
2015/04/18,Syscom,39,85,90,55,77,4,23,59,32,10,12,31
2015/04/19,Syscom,4,85,26,14,21,92,99,50,12,4,48,40
2015/04/20,Syscom,98,13,84,57,54,11,66,99,19,62,45,87
2015/04/21,Syscom,18,85,47,12,72,89,23,51,62,6,6,71
2015/04/22,Syscom,67,44,28,28,43,25,52,15,45,73,15,98
2015/04/23,Syscom,83,25,18,30,36,57,25,62,93,25,27,94
2015/04/24,Syscom,83,1,80,68,22,26,13,56,3,9,63,35
2015/04/25,Syscom,61,12,12,29,83,2,40,69,30,87,40,55
2015/04/26,Syscom,90,64,26,79,13,82,15,94,74,16,59,78
2015/04/27,Syscom,85,37,58,5,39,1,41,50,87,56,0,98
2015/04/28,Syscom,28,22,85,88,96,90,58,82,6,8,6,44
2015/04/29,Syscom,44,20,38,4,59,87,20,37,45,25,34,27
2015/04/30,Syscom,27,40,79,4,53,5,37,12,99,1,98,50
2015/05/01,Syscom,24,77,90,31,46,7,85,2,68,31,21,12
2015/05/02,Syscom,4,69,77,76,47,52,6,22,11,89,91,54
2015/05/03,Syscom,13,71,35,74,92,83,17,84,64,79,63,20
2015/05/04,Syscom,55,98,52,59,84,93,80,19,94,27,67,71
2015/05/05,Syscom,87,65,31,73,92,26,5,62,76,92,11,68
2015/05/06,Syscom,34,9,94,38,10,82,63,76,54,29,41,16
2015/05/07,Syscom,80,32,73,27,61,32,77,57,54,19,73,41
2015/05/08,Syscom,69,1,24,8,0,69,55,98,13,38,53,82
2015/05/09,Syscom,26,41,46,44,68,10,46,16,33,15,28,29
2015/05/10,Syscom,40,15,33,95,89,10,36,17,59,74,27,17
2015/05/11,Syscom,15,26,14,41,59,54,62,73,22,46,74,90
2015/05/12,Syscom,57,83,54,72,81,27,18,90,55,28,16,88
2015/05/13,Syscom,94,55,81,12,86,73,34,93,89,68,15,33
2015/05/14,Syscom,70,87,2,75,52,78,74,96,58,30,71,9
2015/05/15,Syscom,93,44,95,13,45,86,11,22,53,43,86,75
2015/05/16,Syscom,1,27,47,64,15,86,12,40,98,73,93,9
2015/05/17,Syscom,24,29,83,28,38,15,1,58,40,3,65,1
2015/05/18,Syscom,99,43,56,10,67,8,66,40,34,43,48,3
2015/05/19,Syscom,57,2,19,46,37,3,43,4,95,79,100,69
2015/05/20,Syscom,25,62,46,76,84,18,1,91,36,64,54,19
2015/05/21,Syscom,90,83,67,38,80,24,8,94,29,80,78,26
2015/05/22,Syscom,37,93,43,45,88,3,6,33,77,36,51,2
2015/05/23,Syscom,22,99,73,13,73,30,83,2,23,88,31,78
2015/05/24,Syscom,20,57,74,52,21,11,62,2,52,13,29,93
2015/05/25,Syscom,32,45,88,1,5,51,79,28,24,18,73,12
2015/05/26,Syscom,82,69,19,48,78,81,17,93,30,29,51,67
2015/05/27,Syscom,20,85,84,61,27,9,65,77,48,0,58,15
2015/05/28,Syscom,7,49,31,77,29,88,35,46,54,43,96,43
2015/05/29,Syscom,5,0,25,83,75,54,66,92,26,35,93,17
2015/05/30,Syscom,17,83,36,39,37,57,27,63,3,23,9,62
2015/05/31,Syscom,42,30,69,26,22,25,33,49,45,2,1,53
2015/06/01,Syscom,16,57,99,8,52,47,54,32,87,80,55,56
2015/06/02,Syscom,28,24,59,58,77,24,94,80,26,28,39,20
2015/06/03,Syscom,31,73,12,38,63,3,32,42,50,22,87,99
2015/06/04,Syscom,8,7,75,63,80,95,27,15,72,26,16,24
2015/06/05,Syscom,51,88,65,86,65,56,4,66,76,86,18,48
2015/06/06,Syscom,7,24,94,84,48,19,24,43,15,15,91,19
2015/06/07,Syscom,97,20,93,22,98,56,74,66,79,83,74,69
2015/06/08,Syscom,68,59,16,74,13,59,25,92,70,21,23,14
2015/06/09,Syscom,18,26,67,33,29,29,55,74,86,8,45,94
2015/06/10,Syscom,65,57,73,0,27,91,73,36,16,34,50,70
2015/06/11,Syscom,55,73,93,9,59,78,65,39,19,61,44,80
2015/06/12,Syscom,84,10,53,28,59,29,84,7,7,40,4,82
2015/06/13,Syscom,47,44,40,22,59,42,95,52,33,19,48,13
2015/06/14,Syscom,87,39,96,50,10,74,5,26,50,48,7,55
2015/06/15,Syscom,78,96,57,57,8,2,35,12,60,28,20,55
2015/06/16,Syscom,92,41,55,14,11,10,60,68,8,68,86,76
2015/06/17,Syscom,86,57,37,8,86,52,12,30,46,97,97,62
2015/06/18,Syscom,70,28,10,46,60,92,95,8,42,72,81,27
2015/06/19,Syscom,83,15,80,39,72,41,83,12,27,61,24,0
2015/06/20,Syscom,58,79,99,25,37,53,32,88,71,65,34,8
2015/06/21,Syscom,28,1,86,28,85,87,54,44,86,51,45,90
2015/06/22,Syscom,63,22,73,57,43,61,57,86,80,43,21,36
2015/06/23,Syscom,11,34,97,3,55,99,77,47,48,42,40,84
2015/06/24,Syscom,26,49,94,22,68,32,6,78,91,13,82,21
2015/06/25,Syscom,49,69,16,65,36,60,71,2,38,36,17,1
2015/06/26,Syscom,15,23,19,81,74,14,23,99,44,37,30,9
2015/06/27,Syscom,45,12,59,18,67,81,8,42,12,98,42,62
2015/06/28,Syscom,84,41,75,59,68,72,39,37,20,65,14,9
2015/06/29,Syscom,83,28,76,27,57,40,56,2,98,16,53,28
2015/06/30,Syscom,34,97,91,16,27,57,12,67,38,25,64,86
2015/07/01,Syscom,73,15,46,65,80,94,46,68,13,96,66,79
2015/07/02,Syscom,12,3,18,97,87,4,3,56,72,57,32,85
2015/07/03,Syscom,21,60,23,86,86,32,12,16,27,44,38,97
2015/07/04,Syscom,79,2,64,93,20,93,40,41,51,12,57,30
2015/07/05,Syscom,80,53,44,83,93,44,49,9,83,41,94,78
2015/07/06,Syscom,17,34,25,15,69,5,44,14,16,30,71,62
2015/07/07,Syscom,44,29,29,45,61,50,86,24,16,27,18,29
2015/07/08,Syscom,8,16,23,66,92,42,99,57,38,39,45,79
2015/07/09,Syscom,83,7,67,15,29,94,69,79,82,90,55,45
2015/07/10,Syscom,98,62,69,81,62,91,95,53,1,53,9,92
2015/07/11,Syscom,58,16,86,27,80,91,60,94,55,89,46,11
2015/07/12,Syscom,29,10,2,15,46,73,22,65,27,17,97,84
2015/07/13,Syscom,41,14,19,58,27,1,1,17,67,1,66,7
2015/07/14,Syscom,14,65,51,31,48,80,73,51,15,12,53,31
2015/07/15,Syscom,17,53,48,69,29,17,89,64,25,96,96,99
2015/07/16,Syscom,40,14,88,38,38,65,43,32,61,79,42,68
2015/07/17,Syscom,84,55,25,35,39,29,93,31,49,69,20,63
2015/07/18,Syscom,64,11,49,96,49,38,30,95,100,56,27,57
2015/07/19,Syscom,94,17,65,14,16,96,35,76,3,15,47,100
2015/07/20,Syscom,87,96,57,90,12,98,58,80,27,70,5,29
2015/07/21,Syscom,90,52,77,12,65,63,11,11,48,71,71,56
2015/07/22,Syscom,29,92,3,80,59,73,21,75,56,90,83,8
2015/07/23,Syscom,23,50,10,17,59,25,16,35,91,81,52,17
2015/07/24,Syscom,14,82,78,97,70,24,88,26,96,72,23,27
2015/07/25,Syscom,44,37,76,94,47,61,70,7,25,38,36,77
2015/07/26,Syscom,46,78,72,95,22,6,81,77,15,89,41,72
2015/07/27,Syscom,58,15,12,12,23,52,41,76,69,93,28,78
2015/07/28,Syscom,33,76,40,97,42,17,53,51,92,53,64,91
2015/07/29,Syscom,67,73,77,54,8,74,62,48,3,54,45,80
2015/07/30,Syscom,82,61,72,79,24,56,99,30,45,54,58,82
2015/07/31,Syscom,25,34,60,70,63,61,24,86,77,19,45,77
2015/08/01,Syscom,65,54,65,10,62,8,67,92,70,34,53,90
2015/08/02,Syscom,8,23,49,50,47,89,75,67,80,84,14,77
2015/08/03,Syscom,62,10,7,86,51,23,68,30,60,8,50,89
2015/08/04,Syscom,26,86,6,38,26,54,70,71,17,87,97,50
2015/08/05,Syscom,28,10,56,12,57,47,46,7,12,43,76,67
2015/08/06,Syscom,57,49,72,86,86,29,64,13,49,37,34,19
2015/08/07,Syscom,91,12,18,75,42,37,87,27,6,10,14,84
2015/08/08,Syscom,66,1,76,16,28,27,21,97,58,32,39,69
2015/08/09,Syscom,26,33,23,9,12,20,88,10,39,69,36,25
2015/08/10,Syscom,12,66,40,87,26,83,31,16,49,4,25,62
2015/08/11,Syscom,33,75,47,66,76,31,22,98,3,18,79,85
2015/08/12,Syscom,35,75,67,77,32,63,25,22,88,30,39,65
2015/08/13,Syscom,21,88,7,23,66,74,21,48,68,16,82,59
2015/08/14,Syscom,81,22,98,29,46,89,3,54,43,55,13,92
2015/08/15,Syscom,57,6,64,38,27,76,52,9,21,56,7,70
2015/08/16,Syscom,90,54,90,4,31,22,76,73,77,10,35,14
2015/08/17,Syscom,8,9,10,97,95,95,23,15,99,84,76,30
2015/01/01,Big Data,93,47,48,17,59,27,45,71,97,42,81,3
2015/01/02,Big Data,45,6,80,81,8,51,9,86,86,100,34,67
2015/01/03,Big Data,37,31,12,61,28,43,28,50,29,88,91,50
2015/01/04,Big Data,69,85,41,83,37,94,24,16,91,73,89,15
2015/01/05,Big Data,92,83,61,25,99,7,45,34,5,86,94,37
2015/01/06,Big Data,26,80,100,56,48,38,15,60,66,72,4,89
2015/01/07,Big Data,76,56,0,70,32,61,66,37,37,62,48,33
2015/01/08,Big Data,87,84,5,71,49,73,89,84,76,66,57,16
2015/01/09,Big Data,70,29,2,79,47,23,22,60,87,32,8,48
2015/01/10,Big Data,38,35,55,31,59,3,31,34,47,49,40,52
2015/01/11,Big Data,81,34,98,33,70,9,55,49,43,35,40,70
2015/01/12,Big Data,32,26,29,29,25,6,3,73,83,11,45,51
2015/01/13,Big Data,80,82,65,78,82,17,70,47,72,42,61,70
2015/01/14,Big Data,36,37,58,62,15,53,20,76,7,48,50,76
2015/01/15,Big Data,20,5,13,92,70,23,39,44,19,39,40,31
2015/01/16,Big Data,53,45,65,73,71,11,22,27,48,34,59,37
2015/01/17,Big Data,48,46,42,65,98,40,0,85,50,36,71,55
2015/01/18,Big Data,89,12,26,49,73,53,54,43,33,89,19,14
2015/01/19,Big Data,20,76,27,66,22,51,23,13,70,13,42,4
2015/01/20,Big Data,63,48,4,85,81,63,36,42,35,42,45,46
2015/01/21,Big Data,67,5,33,39,34,82,56,4,100,76,95,59
2015/01/22,Big Data,31,93,56,41,83,6,32,9,5,86,24,43
2015/01/23,Big Data,76,23,8,73,91,77,31,29,27,17,67,6
2015/01/24,Big Data,56,37,57,6,58,21,18,43,66,9,45,84
2015/01/25,Big Data,90,92,53,22,85,25,87,55,75,12,60,69
2015/01/26,Big Data,51,97,24,46,4,96,22,61,14,80,82,53
2015/01/27,Big Data,17,38,61,78,77,28,78,21,35,92,1,10
2015/01/28,Big Data,51,83,3,9,25,14,61,93,87,28,56,15
2015/01/29,Big Data,49,61,96,7,29,5,58,30,70,77,52,60
2015/01/30,Big Data,62,60,57,47,3,33,44,65,84,39,42,89
2015/01/31,Big Data,85,27,70,93,27,58,99,59,16,90,93,74
2015/02/01,Big Data,4,46,38,5,92,17,81,83,88,22,70,12
2015/02/02,Big Data,96,11,62,43,78,99,62,32,77,93,73,24
2015/02/03,Big Data,24,50,23,60,53,99,14,16,96,88,62,42
2015/02/04,Big Data,47,96,61,6,33,45,60,52,75,48,87,72
2015/02/05,Big Data,66,60,78,70,46,29,46,65,47,65,94,74
2015/02/06,Big Data,71,72,81,54,27,98,10,37,81,95,4,35
2015/02/07,Big Data,86,38,99,84,24,47,74,99,8,14,78,34
2015/02/08,Big Data,19,18,75,37,2,27,8,37,89,24,47,67
2015/02/09,Big Data,85,54,59,54,31,71,72,58,45,42,94,78
2015/02/10,Big Data,8,23,74,23,37,3,48,80,97,51,49,62
2015/02/11,Big Data,20,91,22,3,6,21,96,88,58,71,3,91
2015/02/12,Big Data,21,48,34,29,15,10,81,41,68,30,40,83
2015/02/13,Big Data,4,76,34,54,51,59,16,28,48,23,24,90
2015/02/14,Big Data,20,75,34,94,83,96,51,50,37,7,2,87
2015/02/15,Big Data,54,96,58,66,61,72,82,44,2,21,48,32
2015/02/16,Big Data,69,52,42,78,27,1,66,26,36,2,80,54
2015/02/17,Big Data,83,79,31,38,33,11,70,89,9,57,81,85
2015/02/18,Big Data,27,67,73,38,73,39,30,6,54,7,79,71
2015/02/19,Big Data,44,28,27,33,96,23,30,38,5,91,18,3
2015/02/20,Big Data,75,79,6,28,19,43,72,99,61,43,44,32
2015/02/21,Big Data,93,97,12,7,43,12,43,89,84,81,14,17
2015/02/22,Big Data,44,37,37,74,43,78,55,3,10,59,68,29
2015/02/23,Big Data,71,24,32,7,39,55,95,4,71,16,84,30
2015/02/24,Big Data,100,58,5,68,37,55,94,16,98,59,11,40
2015/02/25,Big Data,30,91,26,80,80,95,7,2,82,76,23,27
2015/02/26,Big Data,47,49,86,17,35,16,89,94,94,87,78,18
2015/02/27,Big Data,52,18,29,7,10,64,68,81,51,1,78,35
2015/02/28,Big Data,72,50,80,28,59,70,23,45,32,68,93,14
2015/03/01,Big Data,70,19,18,15,22,4,79,49,88,18,48,68
2015/03/02,Big Data,86,28,96,17,46,55,41,61,78,21,55,37
2015/03/03,Big Data,3,82,64,19,72,38,19,14,13,20,95,50
2015/03/04,Big Data,32,33,69,28,82,47,88,49,47,57,60,75
2015/03/05,Big Data,74,44,34,39,20,18,60,10,56,22,29,69
2015/03/06,Big Data,65,9,67,20,41,73,65,20,72,43,36,98
2015/03/07,Big Data,86,96,24,12,89,12,86,85,93,36,67,4
2015/03/08,Big Data,90,83,98,6,78,99,31,99,63,91,93,65
2015/03/09,Big Data,32,55,73,3,62,56,52,7,90,28,52,27
2015/03/10,Big Data,73,92,48,40,66,80,3,80,76,56,67,68
2015/03/11,Big Data,77,22,37,29,20,91,6,72,83,97,43,67
2015/03/12,Big Data,94,62,43,90,55,78,41,14,10,96,96,58
2015/03/13,Big Data,24,70,43,93,78,25,54,22,20,63,91,88
2015/03/14,Big Data,51,12,35,51,13,21,11,50,97,70,57,96
2015/03/15,Big Data,29,51,99,81,84,40,43,20,22,89,36,44
2015/03/16,Big Data,29,7,5,56,41,88,63,5,93,20,56,2
2015/03/17,Big Data,43,8,90,50,69,61,95,6,28,4,94,35
2015/03/18,Big Data,87,5,70,5,94,11,43,40,39,86,99,9
2015/03/19,Big Data,93,9,91,90,84,85,73,61,64,8,80,89
2015/03/20,Big Data,98,31,7,63,3,2,28,60,38,24,87,53
2015/03/21,Big Data,63,21,27,9,57,65,51,15,23,48,14,58
2015/03/22,Big Data,97,6,31,61,93,72,85,41,73,25,6,99
2015/03/23,Big Data,38,56,66,35,97,24,26,14,76,27,61,86
2015/03/24,Big Data,74,8,64,79,17,18,1,89,34,40,71,11
2015/03/25,Big Data,55,26,96,1,7,22,15,21,90,8,56,39
2015/03/26,Big Data,37,89,77,99,70,42,72,0,2,42,47,1
2015/03/27,Big Data,5,99,42,21,45,0,29,30,11,87,19,25
2015/03/28,Big Data,68,25,93,49,46,46,68,5,90,84,46,51
2015/03/29,Big Data,42,69,97,4,60,86,93,52,84,55,42,22
2015/03/30,Big Data,81,21,79,80,9,16,97,47,93,62,14,72
2015/03/31,Big Data,20,100,6,55,11,79,60,16,91,53,9,93
2015/04/01,Big Data,95,3,15,70,93,17,6,96,14,44,28,49
2015/04/02,Big Data,31,30,37,16,63,20,58,55,74,61,15,48
2015/04/03,Big Data,71,27,40,27,53,75,6,4,34,26,81,1
2015/04/04,Big Data,4,14,98,55,69,78,54,59,24,38,61,93
2015/04/05,Big Data,100,25,69,98,10,76,67,63,90,13,57,44
2015/04/06,Big Data,56,22,81,80,70,32,4,72,46,81,47,38
2015/04/07,Big Data,95,19,12,5,9,40,39,16,70,96,22,20
2015/04/08,Big Data,23,39,19,48,30,79,41,16,63,33,94,72
2015/04/09,Big Data,37,88,87,60,25,65,73,12,39,91,93,19
2015/04/10,Big Data,89,98,2,31,6,65,91,77,66,12,59,49
2015/04/11,Big Data,97,20,10,99,4,59,13,23,86,39,64,5
2015/04/12,Big Data,69,46,30,36,38,70,15,74,24,17,73,49
2015/04/13,Big Data,22,15,64,4,13,62,0,90,79,12,27,49
2015/04/14,Big Data,3,54,65,20,96,48,66,83,39,51,22,17
2015/04/15,Big Data,9,98,34,79,9,60,72,94,84,71,69,81
2015/04/16,Big Data,75,47,38,44,23,100,49,48,51,47,24,57
2015/04/17,Big Data,21,26,47,23,56,48,91,85,23,63,42,92
2015/04/18,Big Data,14,33,27,27,82,72,79,32,91,25,26,40
2015/04/19,Big Data,90,7,72,37,62,81,66,6,39,6,59,95
2015/04/20,Big Data,62,93,14,30,29,71,75,95,88,48,27,58
2015/04/21,Big Data,39,57,60,11,5,59,18,85,71,30,81,29
2015/04/22,Big Data,60,51,2,19,36,14,10,18,16,33,30,100
2015/04/23,Big Data,60,59,68,69,54,68,60,61,71,57,68,94
2015/04/24,Big Data,19,67,4,57,49,38,56,63,50,86,67,18
2015/04/25,Big Data,61,46,54,89,91,16,100,63,88,59,1,2
2015/04/26,Big Data,99,85,44,66,54,27,49,72,60,10,65,94
2015/04/27,Big Data,47,78,95,89,40,92,85,76,84,51,37,83
2015/04/28,Big Data,41,5,64,44,75,84,56,4,41,17,28,22
2015/04/29,Big Data,36,42,64,94,94,93,57,96,92,75,63,36
2015/04/30,Big Data,47,3,34,51,40,67,96,11,79,46,11,21
2015/05/01,Big Data,28,15,48,59,22,28,24,4,29,55,77,28
2015/05/02,Big Data,60,39,88,42,68,74,90,92,31,40,54,40
2015/05/03,Big Data,1,81,80,58,86,79,38,61,30,91,81,56
2015/05/04,Big Data,81,8,46,57,71,11,32,6,59,23,9,0
2015/05/05,Big Data,90,50,19,25,72,6,46,38,48,56,12,63
2015/05/06,Big Data,97,48,55,53,50,23,39,29,65,29,38,75
2015/05/07,Big Data,65,75,59,28,8,9,95,63,8,8,49,61
2015/05/08,Big Data,81,45,3,78,98,17,96,37,67,67,97,23
2015/05/09,Big Data,11,19,34,89,58,8,47,79,52,19,99,41
2015/05/10,Big Data,46,15,76,51,9,55,8,47,78,6,35,4
2015/05/11,Big Data,46,39,95,9,10,69,4,63,10,6,87,66
2015/05/12,Big Data,22,49,51,32,45,23,93,85,36,0,59,32
2015/05/13,Big Data,71,28,8,47,43,27,64,91,79,79,30,72
2015/05/14,Big Data,18,42,8,55,12,18,90,48,38,94,61,69
2015/05/15,Big Data,91,75,94,84,99,31,4,9,84,70,42,73
2015/05/16,Big Data,16,80,92,41,95,61,97,69,2,12,42,65
2015/05/17,Big Data,8,59,78,98,1,97,12,29,99,39,40,20
2015/05/18,Big Data,42,93,72,10,64,35,99,13,89,86,18,96
2015/05/19,Big Data,32,7,5,78,40,41,44,1,11,97,31,26
2015/05/20,Big Data,61,7,31,62,60,38,37,74,26,72,37,61
2015/05/21,Big Data,38,27,48,40,91,76,91,97,90,62,4,10
2015/05/22,Big Data,91,36,35,71,74,71,28,83,64,16,16,7
2015/05/23,Big Data,70,96,61,28,61,43,64,36,57,8,35,29
2015/05/24,Big Data,96,1,52,9,39,81,1,30,5,97,99,35
2015/05/25,Big Data,78,45,47,3,26,80,57,18,44,45,63,6
2015/05/26,Big Data,82,5,63,68,55,62,2,2,44,72,60,81
2015/05/27,Big Data,94,91,69,51,78,82,66,37,72,74,72,22
2015/05/28,Big Data,36,70,76,96,16,9,99,8,97,100,44,43
2015/05/29,Big Data,41,69,5,6,60,3,2,11,2,16,36,10
2015/05/30,Big Data,87,64,42,93,26,0,7,31,61,53,88,15
2015/05/31,Big Data,26,3,44,84,28,70,60,42,25,75,6,31
2015/06/01,Big Data,1,39,65,8,60,61,58,72,2,66,98,54
2015/06/02,Big Data,25,47,88,13,57,83,96,75,70,22,50,7
2015/06/03,Big Data,37,19,99,29,9,100,61,84,57,6,28,51
2015/06/04,Big Data,51,93,89,62,38,76,97,8,39,96,64,30
2015/06/05,Big Data,56,95,70,71,62,0,48,39,55,45,87,97
2015/06/06,Big Data,22,33,20,51,46,0,95,71,19,67,62,29
2015/06/07,Big Data,86,70,37,33,6,39,62,11,20,71,76,36
2015/06/08,Big Data,38,34,74,67,82,95,16,88,21,33,53,45
2015/06/09,Big Data,16,47,35,34,86,30,85,62,99,31,79,67
2015/06/10,Big Data,27,4,1,5,58,68,66,28,88,76,95,49
2015/06/11,Big Data,91,52,25,75,22,72,86,20,26,14,71,54
2015/06/12,Big Data,55,83,69,73,77,58,32,33,83,97,37,81
2015/06/13,Big Data,70,94,98,55,66,93,36,100,65,6,68,28
2015/06/14,Big Data,64,14,82,71,51,89,85,41,71,56,37,52
2015/06/15,Big Data,15,60,65,71,2,20,24,29,46,16,39,40
2015/06/16,Big Data,21,42,63,88,6,31,97,58,69,83,80,14
2015/06/17,Big Data,15,92,31,6,37,21,97,46,58,88,35,48
2015/06/18,Big Data,22,65,55,65,44,4,70,95,69,38,36,82
2015/06/19,Big Data,69,93,83,45,81,64,4,45,24,87,89,8
2015/06/20,Big Data,25,89,21,74,68,94,27,54,74,42,32,26
2015/06/21,Big Data,31,14,67,16,100,4,43,57,61,70,98,52
2015/06/22,Big Data,37,42,9,94,24,86,94,65,11,24,73,49
2015/06/23,Big Data,60,47,90,48,99,44,55,27,9,1,48,58
2015/06/24,Big Data,48,76,45,84,53,94,32,70,91,33,59,91
2015/06/25,Big Data,71,94,60,65,67,22,86,27,26,88,46,30
2015/06/26,Big Data,34,64,38,99,98,29,82,57,41,15,8,18
2015/06/27,Big Data,78,27,92,32,41,85,59,36,22,20,87,15
2015/06/28,Big Data,61,11,54,78,51,11,49,65,71,35,63,74
2015/06/29,Big Data,65,33,33,27,9,48,71,66,54,49,93,13
2015/06/30,Big Data,26,89,62,6,53,54,62,34,37,79,74,36
2015/07/01,Big Data,91,56,24,57,7,62,34,24,85,95,34,91
2015/07/02,Big Data,1,85,80,27,92,82,25,32,51,47,31,23
2015/07/03,Big Data,97,19,46,25,37,37,28,17,53,75,45,89
2015/07/04,Big Data,53,19,23,2,42,41,20,10,80,46,22,65
2015/07/05,Big Data,91,95,40,96,6,12,59,75,45,28,97,81
2015/07/06,Big Data,44,93,50,32,2,80,19,15,75,91,94,21
2015/07/07,Big Data,49,46,16,62,87,76,77,2,86,16,4,98
2015/07/08,Big Data,67,48,88,35,18,32,9,2,99,27,18,100
2015/07/09,Big Data,93,54,32,70,6,33,43,0,36,79,30,29
2015/07/10,Big Data,17,59,43,58,27,81,83,72,99,51,38,35
2015/07/11,Big Data,2,47,95,21,36,10,35,1,50,58,40,88
2015/07/12,Big Data,88,20,36,49,68,96,74,60,47,1,86,48
2015/07/13,Big Data,42,29,67,72,14,75,31,92,97,51,85,23
2015/07/14,Big Data,35,34,74,91,22,85,50,40,27,12,83,24
2015/07/15,Big Data,65,24,56,0,58,22,52,40,39,56,44,98
2015/07/16,Big Data,82,63,54,92,90,47,22,81,80,69,9,64
2015/07/17,Big Data,47,25,96,15,38,11,52,1,32,97,66,52
2015/07/18,Big Data,73,23,33,39,54,54,70,55,95,33,28,70
2015/07/19,Big Data,41,4,33,3,36,76,88,16,24,35,59,45
2015/07/20,Big Data,93,77,72,85,40,53,40,27,77,45,77,61
2015/07/21,Big Data,75,20,83,95,5,68,23,81,79,33,42,84
2015/07/22,Big Data,74,46,71,53,76,51,10,66,77,60,22,26
2015/07/23,Big Data,40,40,80,87,43,13,81,11,74,25,60,32
2015/07/24,Big Data,38,97,95,13,29,32,81,48,67,34,2,80
2015/07/25,Big Data,77,32,16,76,99,85,10,88,39,85,78,91
2015/07/26,Big Data,4,41,76,38,17,52,53,42,81,24,99,31
2015/07/27,Big Data,86,36,25,45,85,5,83,33,75,8,67,6
2015/07/28,Big Data,36,67,23,85,94,2,40,10,35,96,21,41
2015/07/29,Big Data,82,95,1,41,80,83,73,1,36,56,54,99
2015/07/30,Big Data,1,53,19,56,70,56,51,70,10,41,18,6
2015/07/31,Big Data,97,50,19,66,9,38,83,48,27,76,54,63
2015/08/01,Big Data,11,53,83,14,97,28,83,42,34,58,81,9
2015/08/02,Big Data,56,70,97,60,33,24,55,72,2,58,9,26
2015/08/03,Big Data,78,40,92,67,19,42,9,48,41,57,17,37
2015/08/04,Big Data,9,37,73,0,17,61,55,61,95,37,52,80
2015/08/05,Big Data,34,100,23,13,1,31,98,50,10,18,59,83
2015/08/06,Big Data,9,81,4,36,73,77,51,54,0,34,34,11
2015/08/07,Big Data,16,30,0,13,47,34,4,1,91,30,60,63
2015/08/08,Big Data,61,84,43,49,9,53,69,25,58,41,2,2
2015/08/09,Big Data,12,23,13,59,55,18,41,81,37,94,11,31
2015/08/10,Big Data,9,9,65,48,21,29,52,80,16,85,34,67
2015/08/11,Big Data,89,10,35,51,17,92,53,91,77,76,32,54
2015/08/12,Big Data,91,85,76,90,50,42,16,56,13,10,25,6
2015/08/13,Big Data,37,15,10,69,9,25,39,32,52,24,75,61
2015/08/14,Big Data,80,80,43,76,36,38,59,2,19,66,96,48
2015/08/15,Big Data,30,43,78,37,78,35,7,48,43,68,57,42
2015/08/16,Big Data,20,37,2,4,52,33,36,47,8,57,75,11
2015/08/17,Big Data,66,77,46,60,26,27,56,78,58,74,27,47
2015/01/01,Cloudera,35,53,85,25,88,72,98,59,29,58,90,62
2015/01/02,Cloudera,68,30,23,59,5,80,3,90,13,92,19,59
2015/01/03,Cloudera,80,71,99,43,9,28,91,94,64,40,52,23
2015/01/04,Cloudera,97,71,24,46,21,69,96,52,51,87,28,7
2015/01/05,Cloudera,50,83,67,5,28,83,47,64,49,60,40,84
2015/01/06,Cloudera,16,17,21,76,6,26,63,90,63,20,39,8
2015/01/07,Cloudera,97,57,7,6,79,38,80,11,94,24,84,75
2015/01/08,Cloudera,59,31,33,12,13,57,5,84,62,31,61,72
2015/01/09,Cloudera,98,14,59,50,69,11,55,6,2,22,57,60
2015/01/10,Cloudera,28,49,10,24,51,55,57,56,10,46,18,62
2015/01/11,Cloudera,88,30,91,8,51,76,41,7,48,50,46,77
2015/01/12,Cloudera,90,73,48,97,73,36,84,26,76,94,8,12
2015/01/13,Cloudera,86,94,36,32,40,27,84,1,45,74,34,48
2015/01/14,Cloudera,52,74,68,0,27,52,87,42,85,50,18,45
2015/01/15,Cloudera,28,56,20,85,1,79,6,32,14,50,32,61
2015/01/16,Cloudera,41,37,2,100,88,100,63,28,71,45,50,44
2015/01/17,Cloudera,87,4,19,77,75,81,15,12,59,28,34,44
2015/01/18,Cloudera,58,79,71,53,67,5,25,64,98,30,35,71
2015/01/19,Cloudera,13,10,91,20,6,98,56,6,60,4,6,50
2015/01/20,Cloudera,10,89,45,47,78,26,56,91,68,30,39,70
2015/01/21,Cloudera,33,61,16,44,31,13,87,38,80,3,72,48
2015/01/22,Cloudera,78,25,45,100,29,97,84,87,79,66,38,93
2015/01/23,Cloudera,88,3,67,32,14,81,3,33,97,95,66,50
2015/01/24,Cloudera,38,63,10,33,47,13,57,20,1,37,45,37
2015/01/25,Cloudera,46,87,9,57,29,26,67,41,28,69,94,32
2015/01/26,Cloudera,24,70,22,61,57,60,17,79,9,84,72,52
2015/01/27,Cloudera,83,7,55,79,77,26,21,33,82,3,67,41
2015/01/28,Cloudera,83,29,97,32,84,25,6,54,39,73,79,18
2015/01/29,Cloudera,37,42,88,11,35,13,63,55,18,91,14,65
2015/01/30,Cloudera,30,71,74,71,12,42,71,79,15,52,13,77
2015/01/31,Cloudera,16,93,92,78,87,17,9,19,100,2,84,80
2015/02/01,Cloudera,8,95,39,21,88,65,100,98,87,72,29,57
2015/02/02,Cloudera,78,87,69,82,45,87,23,48,63,17,31,60
2015/02/03,Cloudera,0,79,37,66,50,31,50,34,92,91,9,62
2015/02/04,Cloudera,55,18,3,71,71,94,85,90,32,9,17,34
2015/02/05,Cloudera,0,83,64,6,83,53,100,3,51,98,91,7
2015/02/06,Cloudera,64,82,43,84,90,76,74,86,23,45,99,27
2015/02/07,Cloudera,63,82,21,32,84,16,28,15,5,75,93,68
2015/02/08,Cloudera,53,56,96,76,64,39,22,8,45,9,36,52
2015/02/09,Cloudera,16,56,93,29,61,77,30,33,92,3,99,20
2015/02/10,Cloudera,46,67,9,18,13,59,46,98,95,15,21,63
2015/02/11,Cloudera,65,19,46,25,63,91,88,30,1,70,92,2
2015/02/12,Cloudera,85,50,72,96,87,57,81,94,81,39,81,91
2015/02/13,Cloudera,69,19,89,23,64,23,91,98,76,28,8,65
2015/02/14,Cloudera,84,11,28,75,63,66,80,50,55,89,22,91
2015/02/15,Cloudera,18,93,0,36,83,18,90,60,83,65,79,68
2015/02/16,Cloudera,50,61,22,59,59,89,3,96,79,53,49,28
2015/02/17,Cloudera,85,14,48,14,8,34,81,94,5,19,85,18
2015/02/18,Cloudera,90,68,61,7,13,75,6,53,64,89,25,95
2015/02/19,Cloudera,36,29,59,87,82,70,50,24,47,69,84,54
2015/02/20,Cloudera,44,96,80,64,92,93,5,6,3,67,54,48
2015/02/21,Cloudera,67,77,32,51,9,79,17,10,54,59,62,85
2015/02/22,Cloudera,67,78,94,59,59,53,54,28,43,26,90,94
2015/02/23,Cloudera,46,87,17,62,18,43,45,30,87,68,92,79
2015/02/24,Cloudera,70,77,36,86,90,33,32,78,18,1,51,97
2015/02/25,Cloudera,6,62,25,65,21,67,69,92,5,89,36,57
2015/02/26,Cloudera,85,75,62,16,28,67,73,48,3,88,2,89
2015/02/27,Cloudera,21,70,5,85,99,69,74,68,36,98,19,85
2015/02/28,Cloudera,24,14,96,22,65,35,25,70,28,87,38,39
2015/03/01,Cloudera,50,65,83,59,8,1,98,50,79,33,55,80
2015/03/02,Cloudera,84,54,44,77,49,3,59,96,1,64,48,37
2015/03/03,Cloudera,71,47,30,24,1,92,94,77,68,8,98,27
2015/03/04,Cloudera,2,98,74,21,34,46,78,5,13,29,43,15
2015/03/05,Cloudera,18,69,60,70,3,69,1,14,17,71,34,81
2015/03/06,Cloudera,50,66,41,66,69,94,50,26,12,21,26,13
2015/03/07,Cloudera,21,78,44,76,13,67,0,84,77,61,62,29
2015/03/08,Cloudera,100,81,47,30,21,95,21,78,27,76,75,96
2015/03/09,Cloudera,67,98,61,12,70,69,64,38,97,39,16,12
2015/03/10,Cloudera,85,96,52,80,82,34,76,20,72,25,44,54
2015/03/11,Cloudera,8,74,54,60,19,75,46,36,17,51,64,29
2015/03/12,Cloudera,69,54,14,79,58,62,50,89,69,10,54,93
2015/03/13,Cloudera,24,48,75,17,57,71,21,88,41,92,26,88
2015/03/14,Cloudera,86,8,93,67,41,87,11,53,83,36,22,32
2015/03/15,Cloudera,65,49,52,26,21,46,44,35,82,77,19,73
2015/03/16,Cloudera,48,100,52,35,6,60,72,98,46,93,24,61
2015/03/17,Cloudera,57,53,19,8,2,1,94,85,35,18,83,36
2015/03/18,Cloudera,61,83,74,96,12,7,61,87,27,73,44,60
2015/03/19,Cloudera,8,61,50,62,63,74,49,55,70,100,69,54
2015/03/20,Cloudera,15,33,66,95,3,82,22,99,64,29,69,100
2015/03/21,Cloudera,73,16,7,38,83,22,40,76,52,36,89,1
2015/03/22,Cloudera,9,33,2,79,30,82,84,12,76,45,70,80
2015/03/23,Cloudera,21,45,60,49,62,14,83,39,64,91,97,85
2015/03/24,Cloudera,73,33,93,34,79,14,51,10,80,25,14,70
2015/03/25,Cloudera,67,67,32,13,0,10,45,35,50,33,50,34
2015/03/26,Cloudera,81,60,74,4,38,43,1,90,12,18,79,39
2015/03/27,Cloudera,45,33,20,6,33,38,85,49,92,25,66,0
2015/03/28,Cloudera,65,90,10,34,47,90,76,76,77,3,44,82
2015/03/29,Cloudera,50,59,73,60,15,56,7,97,90,20,9,31
2015/03/30,Cloudera,95,3,85,75,12,85,95,32,95,57,33,58
2015/03/31,Cloudera,78,83,76,34,44,96,46,75,45,90,40,56
2015/04/01,Cloudera,69,27,21,56,30,83,79,17,97,84,38,1
2015/04/02,Cloudera,37,1,83,65,99,5,54,15,96,78,46,5
2015/04/03,Cloudera,29,72,44,98,16,71,0,62,35,63,0,53
2015/04/04,Cloudera,91,75,46,53,47,78,82,60,10,6,93,84
2015/04/05,Cloudera,57,50,46,47,69,64,12,63,36,95,29,91
2015/04/06,Cloudera,37,14,52,54,61,33,82,55,7,41,80,30
2015/04/07,Cloudera,33,50,75,12,14,91,93,73,40,37,53,94
2015/04/08,Cloudera,10,95,98,77,11,80,47,50,64,100,71,62
2015/04/09,Cloudera,98,47,8,27,85,16,82,13,59,57,67,67
2015/04/10,Cloudera,63,47,20,76,62,4,76,75,72,16,16,75
2015/04/11,Cloudera,74,92,66,31,34,55,3,34,22,76,18,42
2015/04/12,Cloudera,23,22,76,48,3,54,48,5,5,67,70,87
2015/04/13,Cloudera,62,26,13,71,8,70,60,27,52,40,54,66
2015/04/14,Cloudera,33,65,82,40,44,49,71,71,29,10,55,31
2015/04/15,Cloudera,51,86,86,15,69,67,53,57,82,28,88,27
2015/04/16,Cloudera,26,34,96,7,76,93,46,54,90,24,49,16
2015/04/17,Cloudera,23,50,29,76,40,87,33,36,4,18,75,59
2015/04/18,Cloudera,66,61,3,24,10,31,50,45,54,3,25,88
2015/04/19,Cloudera,63,74,57,23,11,62,77,49,9,84,80,92
2015/04/20,Cloudera,77,95,64,67,94,69,30,16,72,73,75,22
2015/04/21,Cloudera,59,30,9,86,83,1,51,97,80,35,82,56
2015/04/22,Cloudera,36,62,51,16,13,73,2,6,47,6,12,96
2015/04/23,Cloudera,31,73,2,87,33,72,46,73,95,61,82,18
2015/04/24,Cloudera,33,96,23,46,99,5,12,71,89,49,9,45
2015/04/25,Cloudera,5,71,28,71,53,8,80,13,88,50,66,63
2015/04/26,Cloudera,41,96,47,41,98,74,17,73,12,98,97,29
2015/04/27,Cloudera,54,88,26,13,85,75,19,46,43,28,11,96
2015/04/28,Cloudera,57,19,3,40,70,67,82,24,17,16,51,5
2015/04/29,Cloudera,68,93,56,42,35,54,88,5,76,8,98,9
2015/04/30,Cloudera,3,86,55,42,69,31,55,57,58,89,57,51
2015/05/01,Cloudera,66,28,48,55,65,43,2,79,96,13,78,20
2015/05/02,Cloudera,74,29,1,11,93,59,34,20,14,68,77,38
2015/05/03,Cloudera,50,60,40,10,70,32,72,21,85,94,91,49
2015/05/04,Cloudera,89,76,55,37,76,63,6,7,32,99,19,24
2015/05/05,Cloudera,33,73,6,57,33,25,87,46,67,31,98,68
2015/05/06,Cloudera,15,79,2,70,96,54,16,13,56,29,88,17
2015/05/07,Cloudera,36,51,54,40,62,11,54,90,63,20,55,53
2015/05/08,Cloudera,33,22,73,31,5,19,38,85,36,96,53,22
2015/05/09,Cloudera,74,10,48,60,69,4,24,47,55,48,78,19
2015/05/10,Cloudera,40,22,41,59,30,93,12,97,98,70,98,89
2015/05/11,Cloudera,40,28,49,87,94,21,34,2,39,27,67,91
2015/05/12,Cloudera,37,69,0,78,9,86,1,60,81,36,25,12
2015/05/13,Cloudera,15,26,7,98,16,11,94,49,89,4,47,57
2015/05/14,Cloudera,52,12,97,77,18,67,95,20,12,56,55,92
2015/05/15,Cloudera,24,14,66,97,60,69,16,84,56,18,64,90
2015/05/16,Cloudera,10,90,17,38,90,80,88,12,68,29,52,63
2015/05/17,Cloudera,30,35,96,58,97,16,62,56,61,23,14,38
2015/05/18,Cloudera,7,28,38,47,49,63,77,83,25,10,55,85
2015/05/19,Cloudera,91,75,70,33,82,44,84,75,59,74,7,41
2015/05/20,Cloudera,62,98,84,53,46,15,10,11,98,75,20,91
2015/05/21,Cloudera,69,35,11,18,85,13,46,70,54,57,68,49
2015/05/22,Cloudera,27,17,95,40,43,7,5,98,97,6,24,86
2015/05/23,Cloudera,16,80,96,77,40,82,74,63,50,69,48,71
2015/05/24,Cloudera,84,54,21,92,86,5,51,16,67,93,34,5
2015/05/25,Cloudera,31,79,43,63,53,96,49,52,50,85,95,61
2015/05/26,Cloudera,69,3,67,97,94,18,78,4,14,63,82,36
2015/05/27,Cloudera,40,60,4,93,82,18,21,0,48,34,33,93
2015/05/28,Cloudera,69,98,45,25,34,55,74,49,21,88,99,74
2015/05/29,Cloudera,73,35,25,50,95,87,57,86,23,53,21,32
2015/05/30,Cloudera,46,42,28,90,36,61,30,12,5,22,8,44
2015/05/31,Cloudera,27,73,94,82,25,41,17,75,82,88,24,91
2015/06/01,Cloudera,74,71,70,43,56,29,24,24,83,1,58,88
2015/06/02,Cloudera,24,6,50,31,75,2,76,92,91,23,85,76
2015/06/03,Cloudera,56,26,52,80,23,56,48,60,34,74,36,80
2015/06/04,Cloudera,45,12,78,46,80,89,57,20,47,70,17,9
2015/06/05,Cloudera,87,69,28,63,58,33,84,72,85,31,70,0
2015/06/06,Cloudera,80,33,51,3,98,1,10,65,74,74,79,40
2015/06/07,Cloudera,28,9,84,84,68,7,80,52,94,54,75,90
2015/06/08,Cloudera,84,10,84,5,37,3,34,10,71,13,87,56
2015/06/09,Cloudera,15,12,94,61,37,61,13,17,84,3,3,20
2015/06/10,Cloudera,83,62,69,92,35,39,48,49,4,2,13,68
2015/06/11,Cloudera,68,94,84,39,61,62,7,49,78,80,71,82
2015/06/12,Cloudera,29,92,89,71,24,80,5,53,76,72,52,43
2015/06/13,Cloudera,6,80,95,83,7,30,65,52,23,96,16,32
2015/06/14,Cloudera,23,71,75,30,90,57,97,100,89,70,11,5
2015/06/15,Cloudera,36,90,86,86,19,71,96,65,91,96,9,7
2015/06/16,Cloudera,3,18,90,73,6,97,84,95,33,92,69,51
2015/06/17,Cloudera,52,30,94,15,72,44,81,82,20,84,43,28
2015/06/18,Cloudera,37,97,75,60,33,97,82,90,59,36,92,29
2015/06/19,Cloudera,82,5,84,70,24,88,24,27,54,17,40,92
2015/06/20,Cloudera,94,39,100,6,66,61,63,36,5,0,1,54
2015/06/21,Cloudera,84,36,79,57,3,100,30,58,54,10,72,59
2015/06/22,Cloudera,61,45,97,81,92,73,36,41,49,57,30,5
2015/06/23,Cloudera,50,28,82,41,41,87,1,2,21,73,79,25
2015/06/24,Cloudera,100,79,93,87,44,32,1,56,29,68,14,0
2015/06/25,Cloudera,16,68,32,48,40,23,2,20,77,21,71,15
2015/06/26,Cloudera,35,86,27,95,92,37,4,16,65,72,75,61
2015/06/27,Cloudera,56,72,45,3,70,34,56,26,59,15,17,22
2015/06/28,Cloudera,80,29,56,83,77,55,59,0,50,32,58,81
2015/06/29,Cloudera,45,100,53,77,36,77,91,19,34,65,6,16
2015/06/30,Cloudera,81,0,86,82,94,52,55,9,74,14,97,11
2015/07/01,Cloudera,29,1,1,81,76,98,6,53,12,47,87,76
2015/07/02,Cloudera,14,34,34,63,13,61,72,66,92,97,84,88
2015/07/03,Cloudera,79,41,69,92,68,62,37,99,26,61,91,44
2015/07/04,Cloudera,73,64,93,79,23,28,29,30,17,24,49,25
2015/07/05,Cloudera,1,27,14,63,45,9,63,61,24,34,77,68
2015/07/06,Cloudera,47,49,37,1,10,47,1,28,39,40,80,86
2015/07/07,Cloudera,9,49,38,25,90,11,39,49,97,76,84,75
2015/07/08,Cloudera,18,8,41,56,51,6,68,86,71,68,10,83
2015/07/09,Cloudera,19,16,95,20,86,38,50,34,30,36,14,39
2015/07/10,Cloudera,43,4,44,41,6,84,41,42,2,99,31,97
2015/07/11,Cloudera,6,65,34,69,31,85,77,46,56,53,64,59
2015/07/12,Cloudera,96,89,28,25,64,49,30,47,47,30,21,61
2015/07/13,Cloudera,38,97,48,44,19,21,33,61,34,76,35,70
2015/07/14,Cloudera,94,22,98,84,8,86,1,16,50,25,97,77
2015/07/15,Cloudera,51,80,12,53,67,89,45,11,4,33,62,94
2015/07/16,Cloudera,38,67,10,52,35,56,2,45,36,63,83,33
2015/07/17,Cloudera,9,89,50,92,55,99,49,67,1,20,8,58
2015/07/18,Cloudera,21,34,1,57,25,1,16,86,28,4,6,47
2015/07/19,Cloudera,55,34,85,97,33,33,36,59,35,57,83,8
2015/07/20,Cloudera,44,31,30,65,69,86,97,56,81,49,7,6
2015/07/21,Cloudera,58,87,41,92,15,62,73,7,97,32,36,44
2015/07/22,Cloudera,82,60,47,30,1,70,5,13,7,15,14,39
2015/07/23,Cloudera,55,9,38,71,49,66,8,39,40,79,14,26
2015/07/24,Cloudera,24,81,32,53,59,24,41,72,82,21,52,77
2015/07/25,Cloudera,57,36,9,80,62,36,90,41,5,81,13,62
2015/07/26,Cloudera,49,8,71,4,31,57,74,61,20,4,69,85
2015/07/27,Cloudera,43,41,23,90,9,73,62,38,91,7,84,62
2015/07/28,Cloudera,29,48,20,59,2,65,14,60,51,30,59,62
2015/07/29,Cloudera,98,54,78,17,72,70,92,81,32,92,48,55
2015/07/30,Cloudera,15,81,69,52,56,96,76,36,19,95,50,61
2015/07/31,Cloudera,6,7,45,13,13,33,29,46,78,55,8,48
2015/08/01,Cloudera,85,76,29,23,65,19,27,96,89,6,2,91
2015/08/02,Cloudera,67,93,90,28,33,15,90,13,25,50,65,10
2015/08/03,Cloudera,20,79,41,91,78,85,79,29,64,70,51,40
2015/08/04,Cloudera,80,5,56,11,78,26,16,50,12,27,47,37
2015/08/05,Cloudera,53,43,75,80,67,44,93,72,9,64,21,68
2015/08/06,Cloudera,61,20,41,1,71,74,62,37,51,45,27,34
2015/08/07,Cloudera,29,29,56,14,13,29,21,84,73,26,32,91
2015/08/08,Cloudera,99,66,55,17,24,74,18,38,79,62,55,67
2015/08/09,Cloudera,54,1,72,39,36,95,64,92,18,19,99,88
2015/08/10,Cloudera,44,64,14,75,5,7,69,93,25,0,57,69
2015/08/11,Cloudera,33,33,85,55,52,84,85,7,78,29,30,33
2015/08/12,Cloudera,28,21,65,4,55,14,67,60,54,89,37,18
2015/08/13,Cloudera,53,94,45,41,37,48,3,51,56,10,38,67
2015/08/14,Cloudera,4,5,95,5,59,92,53,12,89,92,48,85
2015/08/15,Cloudera,95,67,8,97,22,10,91,77,15,84,18,25
2015/08/16,Cloudera,87,14,90,93,9,41,99,87,30,93,33,79
2015/08/17,Cloudera,60,81,36,94,40,67,37,57,14,94,95,51
2015/01/01,Hive,55,43,28,83,48,22,46,99,66,18,24,63
2015/01/02,Hive,10,84,83,70,99,64,12,9,27,47,65,95
2015/01/03,Hive,43,9,23,39,57,83,0,7,60,15,85,44
2015/01/04,Hive,47,61,63,26,50,13,79,6,18,60,66,36
2015/01/05,Hive,80,43,17,31,9,6,21,91,22,72,1,63
2015/01/06,Hive,40,58,89,30,84,48,73,20,51,98,58,97
2015/01/07,Hive,17,36,35,75,47,24,71,48,60,69,84,2
2015/01/08,Hive,92,74,18,65,91,16,54,31,79,14,32,92
2015/01/09,Hive,71,49,80,18,77,5,61,40,23,54,88,97
2015/01/10,Hive,86,6,57,42,49,93,85,47,26,76,89,9
2015/01/11,Hive,46,30,69,7,28,16,55,55,82,11,92,84
2015/01/12,Hive,24,4,75,88,30,40,13,64,30,100,4,36
2015/01/13,Hive,45,14,65,40,41,55,94,27,59,4,69,38
2015/01/14,Hive,73,79,63,95,80,65,13,55,65,17,8,66
2015/01/15,Hive,19,60,85,92,10,12,47,8,83,87,94,31
2015/01/16,Hive,93,40,14,13,57,45,1,47,57,2,87,33
2015/01/17,Hive,46,98,13,15,54,84,99,15,15,88,59,12
2015/01/18,Hive,91,85,98,10,9,45,6,24,17,29,84,2
2015/01/19,Hive,70,37,6,26,6,72,68,9,89,99,39,62
2015/01/20,Hive,90,3,70,2,13,29,2,84,13,14,44,56
2015/01/21,Hive,46,29,87,58,67,80,87,71,31,81,23,37
2015/01/22,Hive,26,1,78,36,46,32,22,74,19,59,57,59
2015/01/23,Hive,41,24,50,95,92,22,40,83,57,60,89,50
2015/01/24,Hive,64,67,17,81,83,54,69,59,74,72,45,84
2015/01/25,Hive,63,89,28,29,71,25,98,1,1,63,44,30
2015/01/26,Hive,10,13,99,99,98,11,39,68,19,24,12,98
2015/01/27,Hive,5,72,84,22,10,14,62,27,94,83,77,49
2015/01/28,Hive,99,13,81,15,92,84,11,24,98,20,34,83
2015/01/29,Hive,42,18,87,1,2,80,45,30,13,10,53,82
2015/01/30,Hive,38,67,70,1,97,35,38,27,57,93,65,97
2015/01/31,Hive,4,72,77,8,39,5,10,61,14,17,71,47
2015/02/01,Hive,43,92,60,44,65,44,35,78,68,39,91,97
2015/02/02,Hive,66,59,66,1,11,91,54,56,54,12,51,91
2015/02/03,Hive,7,18,56,78,82,58,6,59,53,59,11,90
2015/02/04,Hive,56,56,50,65,83,11,53,95,45,98,61,79
2015/02/05,Hive,14,7,42,60,26,10,41,45,15,75,16,24
2015/02/06,Hive,44,68,89,90,72,68,74,38,47,47,22,58
2015/02/07,Hive,3,60,47,14,69,77,5,10,10,51,85,99
2015/02/08,Hive,82,95,96,93,56,78,20,5,12,10,61,74
2015/02/09,Hive,86,36,25,41,26,10,61,8,96,34,5,7
2015/02/10,Hive,52,52,54,13,35,5,69,64,1,98,67,55
2015/02/11,Hive,94,31,7,65,71,41,25,100,52,79,15,85
2015/02/12,Hive,7,24,75,58,87,46,70,61,19,23,21,38
2015/02/13,Hive,57,84,57,96,10,56,1,30,21,66,16,25
2015/02/14,Hive,99,47,71,8,62,36,86,13,95,68,74,40
2015/02/15,Hive,80,80,84,7,66,16,85,35,46,53,16,48
2015/02/16,Hive,27,80,25,32,35,11,10,30,76,47,78,71
2015/02/17,Hive,68,54,100,90,59,94,34,11,17,2,83,92
2015/02/18,Hive,65,26,70,38,77,19,3,59,8,2,32,25
2015/02/19,Hive,19,4,68,46,61,33,99,97,99,44,79,18
2015/02/20,Hive,77,81,33,54,66,78,93,76,87,25,23,38
2015/02/21,Hive,46,96,82,36,10,0,70,26,61,96,69,88
2015/02/22,Hive,44,22,99,95,85,32,93,39,41,56,62,68
2015/02/23,Hive,15,62,36,24,36,22,71,74,45,60,84,95
2015/02/24,Hive,65,68,32,33,0,9,68,93,60,28,59,98
2015/02/25,Hive,84,42,26,40,83,97,48,53,56,86,6,88
2015/02/26,Hive,75,11,61,7,30,21,6,88,32,41,98,62
2015/02/27,Hive,84,10,17,72,18,72,43,57,98,49,96,89
2015/02/28,Hive,76,75,27,43,47,51,32,59,26,95,66,52
2015/03/01,Hive,17,4,15,38,35,44,49,88,19,65,47,72
2015/03/02,Hive,93,67,80,28,92,93,82,13,85,78,56,79
2015/03/03,Hive,3,36,31,52,91,79,16,18,82,81,50,24
2015/03/04,Hive,22,69,7,25,13,47,23,42,79,100,16,76
2015/03/05,Hive,8,77,91,87,2,75,50,71,91,91,52,89
2015/03/06,Hive,41,69,54,55,42,86,25,69,45,29,76,10
2015/03/07,Hive,20,65,58,81,47,26,42,23,56,53,18,67
2015/03/08,Hive,10,22,11,14,68,39,37,85,86,23,41,54
2015/03/09,Hive,69,58,80,36,90,18,57,3,40,63,37,20
2015/03/10,Hive,26,63,75,96,94,11,40,38,39,72,86,67
2015/03/11,Hive,9,68,61,55,50,65,71,27,64,54,23,33
2015/03/12,Hive,56,59,78,75,93,41,34,85,80,24,30,53
2015/03/13,Hive,67,55,85,48,41,90,44,79,16,59,29,25
2015/03/14,Hive,71,1,66,20,31,2,10,40,62,67,25,81
2015/03/15,Hive,7,54,4,94,95,42,48,96,3,28,37,75
2015/03/16,Hive,36,10,22,48,45,25,1,28,43,61,95,37
2015/03/17,Hive,39,9,99,44,77,86,64,51,16,28,24,41
2015/03/18,Hive,59,44,99,3,34,66,59,47,44,49,35,33
2015/03/19,Hive,16,74,38,8,6,71,11,99,27,83,37,27
2015/03/20,Hive,31,77,65,5,51,99,29,55,51,85,62,21
2015/03/21,Hive,53,65,48,53,99,18,29,23,53,84,85,15
2015/03/22,Hive,5,62,43,96,58,61,12,82,68,40,59,79
2015/03/23,Hive,36,53,63,13,68,14,80,57,76,59,12,42
2015/03/24,Hive,14,68,82,74,28,37,7,25,69,20,42,83
2015/03/25,Hive,92,79,71,35,49,42,81,61,41,85,79,26
2015/03/26,Hive,98,77,55,53,39,94,6,28,82,55,98,29
2015/03/27,Hive,88,100,5,38,42,36,24,24,26,54,55,59
2015/03/28,Hive,25,49,84,7,44,58,71,46,2,94,64,28
2015/03/29,Hive,5,99,73,18,75,56,62,96,33,40,15,37
2015/03/30,Hive,67,0,81,15,27,77,66,91,11,3,33,21
2015/03/31,Hive,65,6,13,65,98,71,25,51,51,64,68,24
2015/04/01,Hive,58,27,9,46,73,40,43,59,60,22,37,92
2015/04/02,Hive,12,40,81,20,93,50,98,60,78,63,17,14
2015/04/03,Hive,55,8,34,15,26,85,55,90,86,1,96,85
2015/04/04,Hive,51,55,7,29,59,78,50,21,36,22,57,60
2015/04/05,Hive,89,62,21,29,32,60,87,96,16,44,98,45
2015/04/06,Hive,80,46,9,57,74,52,45,82,28,40,91,23
2015/04/07,Hive,12,8,38,69,17,18,59,92,95,27,40,98
2015/04/08,Hive,12,44,15,4,99,83,56,55,26,21,42,54
2015/04/09,Hive,7,87,79,94,22,81,35,70,59,12,97,57
2015/04/10,Hive,47,74,82,22,54,19,28,92,12,25,12,37
2015/04/11,Hive,76,92,90,50,39,12,5,41,74,86,31,71
2015/04/12,Hive,81,24,49,47,49,10,22,62,17,4,61,57
2015/04/13,Hive,87,19,90,22,83,80,43,11,68,57,43,58
2015/04/14,Hive,46,48,33,9,71,40,62,19,63,92,14,21
2015/04/15,Hive,42,96,56,19,33,13,63,3,4,26,99,9
2015/04/16,Hive,38,14,1,32,91,63,32,15,100,48,70,14
2015/04/17,Hive,78,50,2,21,28,69,1,4,43,93,98,39
2015/04/18,Hive,24,39,51,50,21,20,81,24,53,30,7,53
2015/04/19,Hive,31,95,42,3,35,42,50,54,89,1,51,63
2015/04/20,Hive,28,71,31,35,19,65,30,87,23,28,25,32
2015/04/21,Hive,96,27,7,82,22,32,56,32,35,40,36,83
2015/04/22,Hive,94,77,64,10,78,99,34,84,35,31,54,54
2015/04/23,Hive,80,56,32,50,2,62,67,13,13,71,3,86
2015/04/24,Hive,42,10,5,49,53,0,42,20,3,3,75,30
2015/04/25,Hive,92,53,57,83,64,45,12,22,23,25,94,83
2015/04/26,Hive,4,9,40,44,7,38,33,68,49,96,24,55
2015/04/27,Hive,43,58,95,74,17,94,68,24,73,84,54,28
2015/04/28,Hive,6,94,1,80,12,46,6,38,95,73,46,72
2015/04/29,Hive,46,92,95,51,50,86,18,75,36,18,4,43
2015/04/30,Hive,9,28,95,55,84,71,86,96,9,58,97,17
2015/05/01,Hive,67,5,81,19,34,41,14,84,26,76,49,87
2015/05/02,Hive,6,84,66,14,77,0,73,65,7,49,62,29
2015/05/03,Hive,64,76,23,39,21,97,61,25,24,80,89,89
2015/05/04,Hive,37,42,18,43,83,85,56,75,38,82,71,30
2015/05/05,Hive,11,50,27,38,46,16,10,72,93,50,21,2
2015/05/06,Hive,25,62,22,17,9,37,46,81,95,50,75,92
2015/05/07,Hive,64,94,44,2,4,80,12,18,3,32,94,13
2015/05/08,Hive,78,45,14,71,55,2,25,66,76,77,73,61
2015/05/09,Hive,77,70,43,9,24,44,12,92,44,57,31,40
2015/05/10,Hive,37,70,53,57,8,41,82,8,75,91,93,0
2015/05/11,Hive,59,88,82,2,58,40,44,89,23,92,93,53
2015/05/12,Hive,59,52,95,35,37,7,48,53,78,12,99,84
2015/05/13,Hive,58,94,87,51,55,39,85,98,7,94,49,82
2015/05/14,Hive,26,80,69,94,4,72,24,79,55,79,90,15
2015/05/15,Hive,39,44,95,93,99,11,98,32,36,30,16,30
2015/05/16,Hive,73,78,81,40,66,19,25,78,7,13,38,74
2015/05/17,Hive,78,25,81,95,14,52,85,8,20,78,33,76
2015/05/18,Hive,57,99,4,64,99,70,13,93,56,21,92,31
2015/05/19,Hive,94,55,17,87,18,77,75,92,27,39,32,27
2015/05/20,Hive,42,20,30,32,40,27,37,81,24,100,93,55
2015/05/21,Hive,90,30,33,71,52,43,35,95,46,72,66,20
2015/05/22,Hive,71,36,84,22,10,38,63,10,83,74,56,53
2015/05/23,Hive,42,34,31,17,75,72,96,46,80,31,15,63
2015/05/24,Hive,3,26,48,56,10,8,72,61,5,12,48,15
2015/05/25,Hive,68,15,53,91,6,98,44,10,46,19,25,31
2015/05/26,Hive,83,98,74,3,55,81,43,96,50,85,92,50
2015/05/27,Hive,49,45,82,16,74,14,71,53,13,44,93,53
2015/05/28,Hive,7,64,52,94,74,82,17,58,9,82,58,81
2015/05/29,Hive,38,53,89,18,92,93,82,97,74,26,79,38
2015/05/30,Hive,90,77,25,45,16,42,34,82,38,94,55,21
2015/05/31,Hive,81,56,44,93,39,18,82,95,3,39,62,15
2015/06/01,Hive,78,5,12,45,7,52,47,69,24,6,9,84
2015/06/02,Hive,6,20,67,36,15,89,25,85,6,81,36,15
2015/06/03,Hive,6,41,63,83,5,5,16,26,35,24,42,68
2015/06/04,Hive,19,0,48,77,41,44,2,93,80,77,58,85
2015/06/05,Hive,57,93,26,17,40,39,29,62,28,71,32,75
2015/06/06,Hive,67,18,22,59,70,68,57,42,76,96,81,94
2015/06/07,Hive,97,19,52,88,16,17,38,15,44,99,78,51
2015/06/08,Hive,53,96,68,40,36,95,26,93,65,80,0,60
2015/06/09,Hive,25,9,48,86,5,21,83,32,50,38,24,18
2015/06/10,Hive,47,48,71,95,96,10,49,59,4,30,89,15
2015/06/11,Hive,30,88,90,62,24,57,97,82,91,96,76,33
2015/06/12,Hive,75,60,92,48,85,15,76,18,14,53,40,84
2015/06/13,Hive,21,63,68,1,58,99,97,17,19,82,92,5
2015/06/14,Hive,21,19,84,75,24,32,78,29,30,70,54,79
2015/06/15,Hive,91,63,52,26,71,76,2,92,42,11,82,71
2015/06/16,Hive,4,96,92,66,49,49,96,36,60,41,35,75
2015/06/17,Hive,100,6,50,55,46,98,36,90,36,41,68,10
2015/06/18,Hive,23,34,63,63,95,42,6,68,10,34,52,66
2015/06/19,Hive,62,13,68,73,10,56,92,68,6,100,61,54
2015/06/20,Hive,31,72,72,43,35,28,51,53,72,20,43,32
2015/06/21,Hive,89,79,17,13,5,36,54,78,30,19,68,76
2015/06/22,Hive,41,98,48,36,68,57,30,43,4,57,93,86
2015/06/23,Hive,60,38,23,6,89,25,30,40,86,43,67,21
2015/06/24,Hive,18,17,81,47,53,89,52,19,7,47,7,64
2015/06/25,Hive,65,87,17,96,96,35,96,15,14,78,59,27
2015/06/26,Hive,7,44,96,36,13,27,21,97,73,63,38,28
2015/06/27,Hive,9,27,68,77,64,21,52,89,68,67,6,85
2015/06/28,Hive,56,44,33,36,46,36,81,54,47,75,27,2
2015/06/29,Hive,11,34,32,29,74,55,34,68,95,15,25,4
2015/06/30,Hive,34,73,89,62,69,56,12,36,47,65,92,60
2015/07/01,Hive,81,82,19,10,49,70,10,4,23,63,78,71
2015/07/02,Hive,74,91,23,96,59,57,76,49,98,43,97,44
2015/07/03,Hive,15,24,24,14,6,80,43,79,58,5,32,38
2015/07/04,Hive,57,35,66,49,36,74,93,56,47,28,94,18
2015/07/05,Hive,21,66,96,79,35,72,21,12,50,92,94,48
2015/07/06,Hive,93,41,37,72,9,65,95,63,54,48,77,60
2015/07/07,Hive,45,3,11,0,86,34,92,33,46,70,16,27
2015/07/08,Hive,90,97,44,43,28,18,23,78,65,43,12,2
2015/07/09,Hive,82,56,37,17,32,70,44,78,50,24,52,71
2015/07/10,Hive,34,87,100,50,22,16,11,15,93,99,92,68
2015/07/11,Hive,68,28,9,89,23,75,21,58,9,15,73,16
2015/07/12,Hive,74,80,16,33,83,1,22,74,74,93,93,84
2015/07/13,Hive,51,53,80,42,61,33,92,64,10,16,61,27
2015/07/14,Hive,89,83,24,76,53,95,4,4,80,88,78,28
2015/07/15,Hive,65,6,91,90,21,94,25,97,60,35,9,21
2015/07/16,Hive,61,69,96,65,55,40,90,39,33,40,49,36
2015/07/17,Hive,27,63,86,10,7,20,84,51,20,65,44,99
2015/07/18,Hive,50,9,13,77,44,5,23,98,60,8,71,61
2015/07/19,Hive,25,99,40,99,60,33,39,71,44,58,87,46
2015/07/20,Hive,79,22,2,22,43,11,96,58,13,5,100,9
2015/07/21,Hive,87,92,72,37,93,37,42,96,37,37,88,24
2015/07/22,Hive,47,2,65,79,0,84,32,42,93,40,43,5
2015/07/23,Hive,37,29,96,57,60,78,56,40,52,9,79,4
2015/07/24,Hive,34,6,54,48,38,5,48,30,38,86,25,86
2015/07/25,Hive,78,29,34,18,13,51,35,64,41,36,91,26
2015/07/26,Hive,84,98,51,91,5,47,71,39,87,43,88,64
2015/07/27,Hive,64,11,3,12,91,69,18,43,50,29,22,42
2015/07/28,Hive,100,6,80,96,5,53,57,37,35,97,3,14
2015/07/29,Hive,16,67,38,15,20,63,30,0,82,87,21,20
2015/07/30,Hive,46,67,64,92,31,54,83,2,81,36,82,4
2015/07/31,Hive,86,72,77,86,81,21,49,36,95,72,19,6
2015/08/01,Hive,60,65,45,4,23,49,7,88,50,32,69,73
2015/08/02,Hive,96,58,81,70,7,57,4,84,41,77,42,99
2015/08/03,Hive,79,2,79,2,55,73,47,93,96,12,74,73
2015/08/04,Hive,13,0,82,33,76,41,67,55,57,60,72,37
2015/08/05,Hive,60,82,38,85,70,81,11,12,93,29,69,95
2015/08/06,Hive,89,37,39,0,74,93,46,4,52,75,53,24
2015/08/07,Hive,17,94,53,14,56,20,76,46,22,33,13,49
2015/08/08,Hive,29,46,29,91,38,56,54,83,64,42,15,43
2015/08/09,Hive,96,70,68,1,51,91,7,6,34,34,42,59
2015/08/10,Hive,73,28,7,85,45,22,91,40,80,88,45,63
2015/08/11,Hive,77,65,60,93,5,8,73,67,26,91,94,68
2015/08/12,Hive,5,80,14,67,56,32,85,91,5,51,79,83
2015/08/13,Hive,25,20,73,84,13,10,61,3,53,64,36,36
2015/08/14,Hive,33,86,75,79,28,99,4,35,7,100,24,85
2015/08/15,Hive,65,66,24,80,70,46,24,10,61,41,14,56
2015/08/16,Hive,95,16,87,10,54,61,60,65,4,46,88,94
2015/08/17,Hive,30,59,33,88,12,42,99,48,19,32,54,11
2015/01/01,Spark,34,32,31,1,31,21,36,49,3,30,90,85
2015/01/02,Spark,98,14,92,3,42,57,27,81,18,99,79,82
2015/01/03,Spark,75,26,36,97,20,89,98,82,75,84,34,64
2015/01/04,Spark,56,77,22,1,55,43,61,72,67,75,91,61
2015/01/05,Spark,9,56,38,28,26,97,96,85,27,30,40,41
2015/01/06,Spark,98,63,81,36,58,28,39,58,87,44,41,18
2015/01/07,Spark,40,31,83,59,58,8,92,36,33,84,57,89
2015/01/08,Spark,31,48,7,14,45,86,87,73,9,9,83,55
2015/01/09,Spark,2,54,21,53,85,69,68,36,9,76,20,77
2015/01/10,Spark,23,67,69,8,66,23,59,91,52,80,31,65
2015/01/11,Spark,87,54,86,18,79,27,41,94,86,93,75,86
2015/01/12,Spark,83,94,26,86,20,63,59,46,64,38,80,56
2015/01/13,Spark,39,85,79,2,2,81,49,69,56,94,4,100
2015/01/14,Spark,41,100,98,36,1,14,68,17,52,26,13,34
2015/01/15,Spark,50,5,8,96,82,47,50,31,49,8,17,56
2015/01/16,Spark,43,5,20,27,55,78,84,34,44,83,96,73
2015/01/17,Spark,55,44,80,44,14,36,60,56,21,24,23,49
2015/01/18,Spark,23,15,39,72,40,17,58,46,74,31,5,23
2015/01/19,Spark,76,8,11,16,38,33,51,46,92,43,63,52
2015/01/20,Spark,58,93,96,82,17,81,13,60,39,29,52,27
2015/01/21,Spark,14,36,99,65,1,49,88,56,82,17,53,53
2015/01/22,Spark,43,66,16,66,18,54,7,73,5,94,19,85
2015/01/23,Spark,31,10,84,76,20,12,29,36,71,92,7,68
2015/01/24,Spark,87,41,79,63,34,58,16,38,72,63,15,82
2015/01/25,Spark,55,96,89,25,41,68,16,4,76,96,83,96
2015/01/26,Spark,53,78,43,22,6,62,41,58,28,61,64,21
2015/01/27,Spark,74,70,69,73,86,17,5,61,86,25,29,17
2015/01/28,Spark,33,28,54,58,89,20,22,20,45,25,15,9
2015/01/29,Spark,86,39,35,46,98,11,43,9,37,95,29,55
2015/01/30,Spark,26,38,15,50,28,56,33,34,85,72,1,79
2015/01/31,Spark,78,63,36,78,8,78,24,11,33,97,6,55
2015/02/01,Spark,92,88,57,29,3,45,25,43,40,31,67,79
2015/02/02,Spark,72,70,51,37,61,19,38,19,90,34,91,19
2015/02/03,Spark,88,84,91,88,43,88,81,85,22,80,66,52
2015/02/04,Spark,42,5,28,13,32,19,56,3,74,13,84,51
2015/02/05,Spark,18,68,20,4,45,42,32,22,74,28,72,59
2015/02/06,Spark,92,97,48,36,10,73,88,19,8,11,71,43
2015/02/07,Spark,86,54,68,29,58,31,66,15,30,57,88,53
2015/02/08,Spark,66,28,1,66,29,37,71,62,35,77,13,48
2015/02/09,Spark,43,34,84,76,26,11,2,73,6,24,29,10
2015/02/10,Spark,79,91,87,22,55,40,33,77,29,71,32,93
2015/02/11,Spark,90,59,57,63,62,2,83,17,3,3,85,58
2015/02/12,Spark,3,3,32,62,57,38,55,84,7,92,21,79
2015/02/13,Spark,43,6,25,97,64,71,99,35,35,48,51,22
2015/02/14,Spark,86,77,52,38,80,21,48,99,31,76,58,72
2015/02/15,Spark,85,36,98,32,11,7,27,96,86,29,89,88
2015/02/16,Spark,59,62,91,96,63,22,57,41,45,41,95,44
2015/02/17,Spark,42,52,39,99,70,14,66,89,81,84,1,93
2015/02/18,Spark,58,77,84,21,74,27,27,40,31,80,48,89
2015/02/19,Spark,57,59,28,99,57,69,47,60,53,97,35,45
2015/02/20,Spark,21,45,20,76,27,79,22,51,54,17,4,13
2015/02/21,Spark,83,25,41,64,29,23,16,33,28,7,55,2
2015/02/22,Spark,30,19,86,90,68,14,57,97,95,76,50,43
2015/02/23,Spark,6,55,38,48,36,85,19,11,20,52,73,24
2015/02/24,Spark,6,76,85,30,4,72,99,6,47,61,31,72
2015/02/25,Spark,69,11,68,12,87,48,0,36,15,72,13,61
2015/02/26,Spark,69,4,57,75,51,13,58,37,90,45,52,85
2015/02/27,Spark,86,66,92,82,50,8,50,85,77,5,56,32
2015/02/28,Spark,9,88,26,98,81,90,70,6,86,96,5,1
2015/03/01,Spark,65,62,76,71,21,59,87,83,61,91,44,15
2015/03/02,Spark,83,44,90,58,15,58,59,99,31,21,80,23
2015/03/03,Spark,46,48,41,57,87,6,31,87,41,77,28,9
2015/03/04,Spark,23,55,86,6,63,12,37,66,94,22,91,21
2015/03/05,Spark,48,88,73,51,49,10,4,47,31,27,77,39
2015/03/06,Spark,36,22,13,80,92,82,79,82,37,62,28,100
2015/03/07,Spark,60,30,49,99,61,69,72,59,22,91,40,44
2015/03/08,Spark,48,76,95,26,30,91,100,8,27,84,63,84
2015/03/09,Spark,17,2,77,72,21,24,91,99,57,20,46,81
2015/03/10,Spark,91,55,72,15,89,54,98,93,32,14,60,62
2015/03/11,Spark,51,98,51,53,55,75,14,73,28,5,31,18
2015/03/12,Spark,11,78,58,46,47,84,18,52,48,77,23,67
2015/03/13,Spark,90,59,94,60,69,3,34,5,76,19,86,15
2015/03/14,Spark,48,69,67,5,99,15,84,86,90,40,21,52
2015/03/15,Spark,96,59,19,100,46,16,2,38,73,31,27,74
2015/03/16,Spark,89,21,48,84,2,96,7,17,29,95,90,20
2015/03/17,Spark,69,79,68,39,37,29,87,41,30,8,22,57
2015/03/18,Spark,2,93,29,0,74,77,42,24,14,0,51,88
2015/03/19,Spark,74,55,95,54,94,71,95,33,22,23,14,48
2015/03/20,Spark,76,77,31,16,19,53,31,63,75,24,36,83
2015/03/21,Spark,38,8,6,37,14,15,2,25,65,74,26,72
2015/03/22,Spark,30,69,94,69,84,10,62,94,73,16,91,0
2015/03/23,Spark,4,93,29,36,83,87,84,26,41,43,97,94
2015/03/24,Spark,36,41,7,33,62,54,41,76,36,14,41,14
2015/03/25,Spark,33,41,70,88,99,35,2,76,14,3,22,86
2015/03/26,Spark,77,46,92,97,78,9,42,100,40,22,23,75
2015/03/27,Spark,1,30,91,72,19,95,21,59,83,46,12,45
2015/03/28,Spark,28,55,1,36,76,6,4,26,6,76,14,57
2015/03/29,Spark,48,46,67,30,41,46,81,36,45,23,18,73
2015/03/30,Spark,48,57,16,72,35,86,43,31,41,82,67,46
2015/03/31,Spark,50,87,29,9,60,27,74,18,32,5,69,76
2015/04/01,Spark,66,26,17,36,25,2,80,25,54,26,49,79
2015/04/02,Spark,81,67,94,13,74,71,16,73,61,41,85,86
2015/04/03,Spark,49,82,35,49,44,14,72,59,94,87,97,96
2015/04/04,Spark,16,61,59,38,74,18,30,15,40,85,96,77
2015/04/05,Spark,31,0,99,72,31,62,89,98,87,37,10,96
2015/04/06,Spark,71,48,58,16,22,36,71,35,95,11,86,60
2015/04/07,Spark,36,63,75,50,89,99,66,68,51,80,82,84
2015/04/08,Spark,76,56,43,56,66,73,9,66,14,34,35,79
2015/04/09,Spark,22,37,42,57,71,78,93,49,26,31,58,34
2015/04/10,Spark,31,61,74,28,96,24,24,92,95,91,44,26
2015/04/11,Spark,86,73,83,92,71,47,34,44,11,11,53,55
2015/04/12,Spark,25,34,92,26,71,29,16,72,38,61,77,64
2015/04/13,Spark,6,64,76,14,29,76,96,21,72,53,46,50
2015/04/14,Spark,90,90,69,12,24,47,87,78,96,74,15,30
2015/04/15,Spark,1,54,69,25,66,16,79,16,74,30,62,46
2015/04/16,Spark,96,60,72,3,4,92,15,67,85,32,38,95
2015/04/17,Spark,74,37,83,51,27,6,49,50,30,42,50,49
2015/04/18,Spark,15,46,37,92,60,60,98,76,0,99,93,51
2015/04/19,Spark,29,38,18,90,8,39,71,39,9,30,81,80
2015/04/20,Spark,28,82,72,82,88,0,25,43,15,71,68,10
2015/04/21,Spark,100,70,3,89,1,90,79,37,9,96,68,85
2015/04/22,Spark,68,54,46,15,54,15,73,99,12,91,95,96
2015/04/23,Spark,28,24,71,21,27,39,5,2,73,57,62,12
2015/04/24,Spark,22,63,75,75,21,28,54,19,73,9,98,91
2015/04/25,Spark,6,20,45,30,54,70,33,26,51,100,15,97
2015/04/26,Spark,74,62,52,98,77,25,9,12,83,97,41,66
2015/04/27,Spark,21,80,97,63,50,27,27,36,68,45,49,56
2015/04/28,Spark,55,79,21,81,96,64,29,56,28,20,24,74
2015/04/29,Spark,19,64,1,46,14,85,21,10,23,94,16,82
2015/04/30,Spark,59,16,5,96,53,26,32,57,62,15,8,66
2015/05/01,Spark,37,66,49,99,8,31,86,80,63,52,66,96
2015/05/02,Spark,94,91,52,7,15,89,80,8,23,82,97,87
2015/05/03,Spark,85,64,7,29,14,53,62,92,93,80,6,72
2015/05/04,Spark,14,58,20,92,6,57,78,99,61,54,1,94
2015/05/05,Spark,12,28,9,24,71,50,85,12,97,92,97,72
2015/05/06,Spark,5,23,89,56,12,38,77,61,93,73,66,95
2015/05/07,Spark,97,27,3,61,56,31,69,91,26,71,90,47
2015/05/08,Spark,64,55,16,82,28,76,49,66,92,19,15,71
2015/05/09,Spark,9,9,6,68,26,83,44,16,52,18,20,23
2015/05/10,Spark,58,49,99,14,18,91,61,87,80,97,0,48
2015/05/11,Spark,97,82,78,76,31,49,42,95,27,85,94,29
2015/05/12,Spark,22,34,58,75,76,33,77,1,82,39,50,14
2015/05/13,Spark,24,17,34,60,41,81,65,48,29,53,4,42
2015/05/14,Spark,84,93,3,26,78,17,95,2,53,72,42,31
2015/05/15,Spark,54,79,1,14,64,59,82,93,63,25,57,80
2015/05/16,Spark,43,59,8,16,9,55,31,87,12,2,17,78
2015/05/17,Spark,91,80,67,35,27,18,27,20,17,62,36,72
2015/05/18,Spark,84,5,5,17,44,21,49,24,85,20,58,91
2015/05/19,Spark,83,99,70,65,94,86,36,20,12,63,23,80
2015/05/20,Spark,26,7,56,68,28,74,8,78,63,84,46,74
2015/05/21,Spark,85,9,91,81,97,29,11,62,82,44,0,80
2015/05/22,Spark,83,79,31,94,73,13,38,13,86,85,36,90
2015/05/23,Spark,38,25,8,18,88,37,84,68,4,58,50,65
2015/05/24,Spark,19,97,7,66,38,61,48,98,10,9,80,84
2015/05/25,Spark,59,10,28,35,13,47,10,13,94,27,69,72
2015/05/26,Spark,91,57,53,15,70,1,42,35,40,10,2,17
2015/05/27,Spark,53,34,83,37,32,19,87,47,86,28,70,47
2015/05/28,Spark,72,12,75,6,73,25,69,71,25,37,25,85
2015/05/29,Spark,32,95,99,49,95,85,48,66,27,9,94,94
2015/05/30,Spark,2,3,44,39,37,5,18,17,23,2,2,40
2015/05/31,Spark,80,62,73,49,25,12,8,91,83,3,68,47
2015/06/01,Spark,37,75,1,50,69,71,24,72,49,15,90,23
2015/06/02,Spark,12,93,45,87,62,30,56,59,81,69,98,46
2015/06/03,Spark,22,29,19,96,24,7,48,97,37,94,19,48
2015/06/04,Spark,58,30,77,17,45,61,82,35,27,87,40,54
2015/06/05,Spark,58,9,74,20,46,51,93,38,23,31,38,82
2015/06/06,Spark,93,87,6,16,76,74,34,5,64,56,72,4
2015/06/07,Spark,33,12,27,16,18,70,79,19,13,72,95,72
2015/06/08,Spark,79,85,46,15,95,67,3,89,80,82,8,65
2015/06/09,Spark,99,15,42,96,35,67,50,57,15,4,29,53
2015/06/10,Spark,93,46,91,19,73,2,55,16,23,46,7,12
2015/06/11,Spark,73,7,55,23,18,21,53,11,37,76,35,48
2015/06/12,Spark,80,21,87,31,85,80,98,4,50,11,49,64
2015/06/13,Spark,68,37,73,79,59,6,88,35,48,46,92,77
2015/06/14,Spark,67,31,31,72,29,17,31,92,32,73,39,51
2015/06/15,Spark,29,25,15,76,61,93,94,87,3,84,60,48
2015/06/16,Spark,33,38,65,51,43,92,29,0,6,64,5,44
2015/06/17,Spark,68,29,5,97,49,90,93,3,72,47,94,21
2015/06/18,Spark,45,44,55,15,22,23,98,92,98,93,37,62
2015/06/19,Spark,44,47,22,39,61,19,27,92,39,44,22,68
2015/06/20,Spark,39,57,91,63,96,28,28,15,10,44,27,86
2015/06/21,Spark,56,8,71,54,9,36,35,2,93,5,35,30
2015/06/22,Spark,46,65,56,13,16,8,57,93,24,29,49,51
2015/06/23,Spark,3,57,63,99,96,90,12,25,37,76,5,77
2015/06/24,Spark,100,87,30,74,58,88,49,64,7,26,41,75
2015/06/25,Spark,33,18,97,36,39,21,77,20,72,94,76,25
2015/06/26,Spark,15,0,46,5,16,18,69,2,61,66,78,60
2015/06/27,Spark,27,8,72,16,11,6,69,19,24,53,19,13
2015/06/28,Spark,39,84,57,95,4,9,92,79,1,55,42,47
2015/06/29,Spark,68,14,4,67,24,6,42,60,30,0,68,19
2015/06/30,Spark,45,4,84,8,39,57,26,6,6,71,91,89
2015/07/01,Spark,1,39,52,50,55,75,48,88,78,28,59,65
2015/07/02,Spark,95,94,86,72,6,4,14,9,31,99,18,39
2015/07/03,Spark,79,35,63,9,87,27,63,18,89,36,24,75
2015/07/04,Spark,97,44,15,32,11,4,61,9,21,68,46,67
2015/07/05,Spark,7,46,14,21,70,94,79,7,23,34,31,11
2015/07/06,Spark,58,23,53,20,47,88,72,23,37,98,93,22
2015/07/07,Spark,57,95,26,60,79,68,91,30,0,16,12,15
2015/07/08,Spark,53,70,1,67,16,70,50,72,95,72,92,87
2015/07/09,Spark,58,53,31,92,11,99,99,28,50,55,88,60
2015/07/10,Spark,40,78,50,84,33,75,29,59,62,55,39,80
2015/07/11,Spark,23,56,11,87,32,70,12,20,80,58,42,95
2015/07/12,Spark,61,44,83,3,81,58,67,4,46,11,93,91
2015/07/13,Spark,43,83,20,18,14,5,37,33,49,66,64,19
2015/07/14,Spark,20,50,8,37,77,19,78,91,53,31,74,77
2015/07/15,Spark,12,70,81,96,2,43,52,13,27,80,83,84
2015/07/16,Spark,13,53,55,85,20,84,89,94,25,93,86,42
2015/07/17,Spark,97,4,1,31,88,2,54,44,74,12,14,83
2015/07/18,Spark,68,38,68,9,57,34,50,59,35,73,93,14
2015/07/19,Spark,33,73,42,68,35,68,33,99,21,12,10,54
2015/07/20,Spark,92,53,4,58,95,83,82,8,8,76,98,77
2015/07/21,Spark,20,43,55,98,72,34,26,23,34,65,68,24
2015/07/22,Spark,35,10,84,18,61,26,88,35,24,33,73,17
2015/07/23,Spark,74,85,51,68,70,26,30,33,38,80,24,33
2015/07/24,Spark,87,72,29,16,14,11,82,66,61,30,22,72
2015/07/25,Spark,81,44,73,61,89,86,57,9,5,83,93,4
2015/07/26,Spark,38,29,30,91,1,97,22,88,70,5,42,79
2015/07/27,Spark,28,6,35,99,100,51,20,25,35,63,53,10
2015/07/28,Spark,93,46,77,53,48,89,87,2,8,65,26,88
2015/07/29,Spark,81,4,88,3,66,48,42,81,1,69,17,17
2015/07/30,Spark,14,70,83,61,77,98,11,86,23,16,90,64
2015/07/31,Spark,84,55,77,21,87,56,81,1,25,5,23,35
2015/08/01,Spark,84,82,55,8,62,15,70,59,46,25,58,4
2015/08/02,Spark,64,8,26,64,1,30,2,56,48,38,12,95
2015/08/03,Spark,67,33,45,63,44,16,94,99,59,89,61,79
2015/08/04,Spark,84,46,93,73,89,29,65,31,86,33,43,78
2015/08/05,Spark,60,68,83,13,24,90,70,69,46,57,53,61
2015/08/06,Spark,71,93,4,69,63,52,3,7,100,93,37,81
2015/08/07,Spark,62,68,61,37,51,89,11,59,19,52,47,64
2015/08/08,Spark,36,100,51,98,48,14,4,56,79,91,47,65
2015/08/09,Spark,24,96,53,58,71,15,89,89,97,94,29,53
2015/08/10,Spark,17,8,61,89,85,92,20,31,23,12,36,99
2015/08/11,Spark,73,32,76,22,7,44,39,82,66,77,43,84
2015/08/12,Spark,55,76,58,56,97,35,68,99,99,37,93,78
2015/08/13,Spark,66,9,60,23,50,10,47,59,85,53,2,77
2015/08/14,Spark,41,53,66,91,27,72,49,6,28,87,45,21
2015/08/15,Spark,88,31,19,57,47,82,22,13,82,13,24,79
2015/08/16,Spark,22,84,62,12,89,37,79,13,16,81,21,29
2015/08/17,Spark,47,78,34,13,58,57,3,45,86,12,71,1
2015/01/01,Hortonworks,9,48,2,1,14,49,96,67,11,100,5,92
2015/01/02,Hortonworks,70,76,42,13,18,40,30,94,68,28,8,53
2015/01/03,Hortonworks,29,13,76,1,11,89,46,52,36,93,9,81
2015/01/04,Hortonworks,40,16,9,52,49,81,97,8,83,13,95,0
2015/01/05,Hortonworks,4,64,80,92,27,90,77,3,9,11,56,29
2015/01/06,Hortonworks,30,58,73,41,10,12,3,93,62,41,12,43
2015/01/07,Hortonworks,46,89,36,66,63,7,80,3,48,8,37,64
2015/01/08,Hortonworks,63,12,38,41,10,88,47,18,16,45,7,34
2015/01/09,Hortonworks,12,51,12,98,54,65,49,27,11,61,71,84
2015/01/10,Hortonworks,74,83,79,33,43,45,62,41,54,48,37,39
2015/01/11,Hortonworks,53,68,38,40,13,90,2,69,84,79,65,72
2015/01/12,Hortonworks,40,68,26,88,28,76,42,83,78,75,91,19
2015/01/13,Hortonworks,5,51,65,41,15,49,78,29,38,18,3,94
2015/01/14,Hortonworks,32,8,78,98,6,0,15,61,87,96,38,59
2015/01/15,Hortonworks,86,40,24,88,49,48,94,6,20,8,60,38
2015/01/16,Hortonworks,2,12,35,56,4,1,88,75,20,61,13,28
2015/01/17,Hortonworks,56,62,11,83,18,51,44,13,86,42,80,7
2015/01/18,Hortonworks,98,36,50,6,67,49,15,12,72,98,85,29
2015/01/19,Hortonworks,22,84,53,1,86,51,1,21,74,33,60,76
2015/01/20,Hortonworks,94,55,83,52,70,100,18,90,19,66,46,79
2015/01/21,Hortonworks,57,28,72,17,72,99,58,47,53,66,68,69
2015/01/22,Hortonworks,30,77,64,35,28,41,24,93,70,76,76,85
2015/01/23,Hortonworks,3,89,67,40,74,74,55,6,97,94,6,2
2015/01/24,Hortonworks,95,38,95,16,43,31,91,14,4,30,100,24
2015/01/25,Hortonworks,22,90,14,68,22,29,6,28,76,82,47,35
2015/01/26,Hortonworks,40,53,65,8,98,50,38,24,59,35,75,51
2015/01/27,Hortonworks,13,2,73,35,79,33,16,45,82,79,7,84
2015/01/28,Hortonworks,32,7,43,99,84,51,78,0,32,93,5,82
2015/01/29,Hortonworks,75,21,8,7,76,66,1,41,12,58,19,59
2015/01/30,Hortonworks,32,75,62,37,81,79,64,56,37,41,92,51
2015/01/31,Hortonworks,28,27,27,79,23,66,25,89,97,43,19,43
2015/02/01,Hortonworks,99,77,99,2,59,85,86,21,73,74,44,51
2015/02/02,Hortonworks,92,98,42,60,80,24,89,53,15,48,9,93
2015/02/03,Hortonworks,21,52,42,20,66,32,29,58,60,13,37,42
2015/02/04,Hortonworks,77,43,84,51,57,25,40,23,48,27,76,47
2015/02/05,Hortonworks,64,22,41,82,60,44,92,53,59,31,72,12
2015/02/06,Hortonworks,96,25,75,61,40,40,77,24,79,86,94,87
2015/02/07,Hortonworks,24,93,87,49,64,80,24,27,71,62,96,48
2015/02/08,Hortonworks,1,42,92,21,28,100,73,56,64,64,91,92
2015/02/09,Hortonworks,86,39,59,7,49,17,63,35,3,36,87,16
2015/02/10,Hortonworks,49,69,58,100,55,67,29,63,81,43,76,59
2015/02/11,Hortonworks,14,66,55,55,30,12,53,92,48,4,17,63
2015/02/12,Hortonworks,64,86,88,24,28,96,7,13,58,84,95,11
2015/02/13,Hortonworks,52,17,6,51,48,41,90,66,71,30,86,97
2015/02/14,Hortonworks,56,17,40,36,66,76,57,92,33,16,4,28
2015/02/15,Hortonworks,39,14,33,29,35,20,50,68,39,36,84,4
2015/02/16,Hortonworks,95,94,74,65,21,44,1,44,50,45,31,100
2015/02/17,Hortonworks,61,36,31,31,55,26,80,0,48,62,13,77
2015/02/18,Hortonworks,57,99,61,15,23,47,72,26,3,71,42,60
2015/02/19,Hortonworks,100,93,75,55,87,24,69,46,55,10,9,69
2015/02/20,Hortonworks,86,58,63,21,82,1,95,34,93,79,73,57
2015/02/21,Hortonworks,27,63,99,75,46,54,82,75,7,33,45,50
2015/02/22,Hortonworks,66,94,65,13,21,78,43,27,83,98,96,23
2015/02/23,Hortonworks,83,41,57,26,71,78,31,10,59,72,73,60
2015/02/24,Hortonworks,46,90,0,40,3,79,32,10,88,55,24,41
2015/02/25,Hortonworks,28,41,94,95,31,67,92,94,83,91,86,58
2015/02/26,Hortonworks,82,99,96,57,20,34,19,82,61,29,94,7
2015/02/27,Hortonworks,98,18,71,14,83,31,4,29,79,61,3,98
2015/02/28,Hortonworks,80,45,67,74,3,32,65,41,78,58,36,24
2015/03/01,Hortonworks,91,70,84,52,21,87,46,48,97,85,40,94
2015/03/02,Hortonworks,57,25,63,55,16,94,43,14,37,54,49,83
2015/03/03,Hortonworks,94,61,13,28,71,70,12,87,76,89,77,56
2015/03/04,Hortonworks,48,82,89,21,66,13,68,34,21,6,42,54
2015/03/05,Hortonworks,64,29,97,87,70,22,9,47,87,12,74,91
2015/03/06,Hortonworks,57,37,70,88,47,24,85,74,24,95,12,18
2015/03/07,Hortonworks,35,84,3,32,8,55,48,49,11,19,75,54
2015/03/08,Hortonworks,81,79,67,81,20,10,60,36,3,14,54,45
2015/03/09,Hortonworks,72,5,8,6,23,75,44,41,87,91,64,22
2015/03/10,Hortonworks,92,24,13,84,85,95,59,49,72,43,20,13
2015/03/11,Hortonworks,45,0,16,44,81,30,26,14,94,19,84,89
2015/03/12,Hortonworks,73,21,78,95,18,70,2,73,85,64,90,82
2015/03/13,Hortonworks,95,18,47,34,8,50,53,12,72,44,45,68
2015/03/14,Hortonworks,67,22,36,18,22,83,44,52,96,4,49,66
2015/03/15,Hortonworks,7,32,89,69,69,89,30,14,83,91,1,38
2015/03/16,Hortonworks,58,29,52,64,51,62,17,18,34,56,59,23
2015/03/17,Hortonworks,76,11,84,35,35,57,66,23,87,65,89,69
2015/03/18,Hortonworks,20,55,66,87,65,33,89,52,67,65,20,35
2015/03/19,Hortonworks,74,80,58,11,46,40,65,83,51,96,33,9
2015/03/20,Hortonworks,7,84,12,66,48,82,34,18,83,43,69,4
2015/03/21,Hortonworks,74,19,71,71,21,14,82,85,32,27,88,77
2015/03/22,Hortonworks,9,5,77,20,59,2,89,84,9,69,91,93
2015/03/23,Hortonworks,62,49,47,62,0,88,47,48,43,6,89,4
2015/03/24,Hortonworks,41,12,25,69,89,57,32,45,67,16,38,82
2015/03/25,Hortonworks,5,62,70,37,72,46,24,65,36,11,44,60
2015/03/26,Hortonworks,56,48,24,53,67,54,19,42,78,93,85,79
2015/03/27,Hortonworks,1,33,9,57,96,60,73,9,43,12,55,79
2015/03/28,Hortonworks,58,54,51,89,29,75,56,17,6,48,4,84
2015/03/29,Hortonworks,85,14,2,32,73,81,12,31,21,30,14,79
2015/03/30,Hortonworks,69,98,20,52,50,41,100,92,80,22,45,83
2015/03/31,Hortonworks,39,88,31,71,68,83,61,21,36,94,48,35
2015/04/01,Hortonworks,51,61,21,25,4,35,24,63,28,79,27,90
2015/04/02,Hortonworks,45,89,42,76,46,43,16,64,82,86,75,59
2015/04/03,Hortonworks,30,48,90,56,28,73,76,44,96,14,90,73
2015/04/04,Hortonworks,27,31,54,30,41,76,47,79,81,88,13,9
2015/04/05,Hortonworks,48,26,11,38,15,98,91,69,48,14,10,32
2015/04/06,Hortonworks,87,98,46,47,16,28,43,24,28,56,65,1
2015/04/07,Hortonworks,23,8,97,83,35,30,19,82,45,67,70,62
2015/04/08,Hortonworks,36,3,24,62,20,13,60,25,85,53,5,92
2015/04/09,Hortonworks,96,97,6,32,24,0,57,31,26,56,48,70
2015/04/10,Hortonworks,80,96,62,29,10,90,42,22,44,48,70,42
2015/04/11,Hortonworks,65,46,26,67,53,37,79,6,92,89,48,47
2015/04/12,Hortonworks,88,51,16,8,79,33,60,85,95,59,83,97
2015/04/13,Hortonworks,21,3,73,100,64,54,75,59,95,16,3,83
2015/04/14,Hortonworks,40,57,89,20,85,45,97,84,40,76,19,16
2015/04/15,Hortonworks,66,31,37,40,61,0,14,4,71,86,16,24
2015/04/16,Hortonworks,95,81,24,98,34,45,20,49,53,88,16,32
2015/04/17,Hortonworks,60,29,4,58,45,27,3,94,54,95,77,21
2015/04/18,Hortonworks,44,11,49,5,0,42,25,30,99,88,14,47
2015/04/19,Hortonworks,66,49,19,58,100,12,68,14,23,74,89,9
2015/04/20,Hortonworks,31,61,36,1,98,53,73,47,22,77,33,26
2015/04/21,Hortonworks,99,89,41,20,25,23,51,38,38,82,88,99
2015/04/22,Hortonworks,38,8,34,88,97,22,32,72,15,40,28,32
2015/04/23,Hortonworks,23,90,50,19,23,6,96,53,99,67,65,39
2015/04/24,Hortonworks,70,12,87,11,93,8,5,29,66,87,99,29
2015/04/25,Hortonworks,32,40,33,75,14,8,20,20,61,40,14,4
2015/04/26,Hortonworks,17,93,18,24,32,89,45,66,21,4,10,6
2015/04/27,Hortonworks,95,52,66,84,96,31,85,60,44,33,43,92
2015/04/28,Hortonworks,52,63,34,69,30,74,56,84,94,37,23,20
2015/04/29,Hortonworks,18,16,52,31,34,40,56,100,99,12,97,31
2015/04/30,Hortonworks,5,3,49,96,22,28,62,56,77,63,10,99
2015/05/01,Hortonworks,35,56,99,97,32,81,38,87,2,52,96,96
2015/05/02,Hortonworks,34,60,83,84,68,76,2,72,29,6,83,5
2015/05/03,Hortonworks,33,16,97,88,76,74,35,76,83,71,46,1
2015/05/04,Hortonworks,90,6,37,22,45,59,2,99,87,79,98,30
2015/05/05,Hortonworks,59,68,59,6,53,97,78,62,36,4,11,79
2015/05/06,Hortonworks,59,66,8,86,96,45,97,4,16,44,9,76
2015/05/07,Hortonworks,1,82,97,9,36,44,45,80,41,53,20,35
2015/05/08,Hortonworks,54,41,86,73,97,9,5,68,65,64,31,51
2015/05/09,Hortonworks,16,52,0,70,11,81,29,5,52,47,46,75
2015/05/10,Hortonworks,78,60,85,45,53,82,70,29,68,45,31,97
2015/05/11,Hortonworks,61,83,44,80,63,71,73,96,15,49,89,6
2015/05/12,Hortonworks,7,83,48,96,97,72,84,81,23,29,99,25
2015/05/13,Hortonworks,88,23,85,66,71,45,95,4,23,98,34,5
2015/05/14,Hortonworks,48,81,62,31,44,3,15,55,81,52,26,59
2015/05/15,Hortonworks,2,66,46,41,43,38,51,13,40,10,75,23
2015/05/16,Hortonworks,18,43,89,81,57,70,35,57,95,35,46,50
2015/05/17,Hortonworks,55,32,21,96,9,31,43,10,1,9,56,20
2015/05/18,Hortonworks,86,26,26,33,65,27,54,37,67,2,27,82
2015/05/19,Hortonworks,24,2,19,56,11,6,98,40,97,9,43,48
2015/05/20,Hortonworks,47,86,52,14,34,24,87,40,76,12,79,9
2015/05/21,Hortonworks,80,46,18,24,7,97,26,36,53,81,12,6
2015/05/22,Hortonworks,18,10,27,61,65,19,79,10,60,58,37,92
2015/05/23,Hortonworks,70,8,86,64,1,75,89,39,46,1,9,38
2015/05/24,Hortonworks,80,49,67,74,6,23,44,21,82,62,28,40
2015/05/25,Hortonworks,23,77,13,36,41,83,44,5,48,47,51,97
2015/05/26,Hortonworks,47,45,9,3,74,69,84,14,23,13,49,12
2015/05/27,Hortonworks,60,67,15,95,22,76,39,3,43,74,99,33
2015/05/28,Hortonworks,69,82,1,17,95,40,11,1,9,34,3,82
2015/05/29,Hortonworks,18,88,73,49,48,81,79,87,64,2,99,25
2015/05/30,Hortonworks,25,20,28,23,92,76,52,68,88,45,24,53
2015/05/31,Hortonworks,11,36,22,2,50,73,36,85,47,62,62,12
2015/06/01,Hortonworks,14,56,76,26,63,55,53,42,20,84,28,30
2015/06/02,Hortonworks,73,41,49,77,37,70,62,2,65,8,66,65
2015/06/03,Hortonworks,48,57,3,47,96,39,8,98,59,78,61,43
2015/06/04,Hortonworks,94,25,57,11,75,36,43,8,32,3,94,24
2015/06/05,Hortonworks,59,1,6,10,63,17,79,18,88,19,84,62
2015/06/06,Hortonworks,49,91,49,0,19,44,39,77,7,89,32,66
2015/06/07,Hortonworks,3,62,45,47,29,14,41,38,7,33,36,72
2015/06/08,Hortonworks,62,28,81,2,73,82,24,87,22,39,91,43
2015/06/09,Hortonworks,39,81,60,26,84,56,99,98,20,6,93,22
2015/06/10,Hortonworks,32,84,42,72,71,57,40,41,34,94,85,50
2015/06/11,Hortonworks,41,80,3,48,41,65,16,46,86,1,80,40
2015/06/12,Hortonworks,54,28,25,99,71,64,87,55,96,10,34,16
2015/06/13,Hortonworks,46,50,95,34,74,72,81,31,93,77,67,89
2015/06/14,Hortonworks,97,65,85,95,71,84,76,51,77,27,7,46
2015/06/15,Hortonworks,32,26,9,72,54,48,26,28,18,8,56,66
2015/06/16,Hortonworks,48,44,29,18,67,47,76,19,36,53,94,16
2015/06/17,Hortonworks,67,32,94,86,13,18,11,73,97,66,22,88
2015/06/18,Hortonworks,69,59,32,94,33,12,3,37,78,86,81,57
2015/06/19,Hortonworks,100,82,88,33,47,39,79,80,33,65,24,57
2015/06/20,Hortonworks,33,70,55,62,67,90,41,99,79,64,7,53
2015/06/21,Hortonworks,87,46,38,11,69,37,28,41,26,98,89,66
2015/06/22,Hortonworks,90,23,43,27,83,86,11,98,59,76,5,26
2015/06/23,Hortonworks,37,89,92,34,81,52,97,42,37,82,10,24
2015/06/24,Hortonworks,11,84,11,23,49,69,2,23,3,16,88,85
2015/06/25,Hortonworks,63,3,22,74,86,92,46,85,25,84,24,19
2015/06/26,Hortonworks,33,45,46,6,68,60,57,91,53,17,77,90
2015/06/27,Hortonworks,68,90,97,64,56,60,58,1,86,31,38,86
2015/06/28,Hortonworks,27,1,70,87,95,58,81,64,61,31,44,8
2015/06/29,Hortonworks,87,98,12,20,2,72,67,8,42,96,41,19
2015/06/30,Hortonworks,53,11,15,78,37,88,99,72,92,99,59,74
2015/07/01,Hortonworks,68,91,18,57,22,75,71,10,58,34,89,86
2015/07/02,Hortonworks,88,58,28,38,62,77,87,57,90,65,61,77
2015/07/03,Hortonworks,96,59,60,18,36,83,11,65,81,35,17,43
2015/07/04,Hortonworks,63,65,49,55,28,14,72,12,66,59,9,47
2015/07/05,Hortonworks,68,45,20,54,45,64,6,56,56,32,14,91
2015/07/06,Hortonworks,39,91,49,55,82,10,65,4,76,1,48,96
2015/07/07,Hortonworks,96,55,41,36,42,22,99,69,13,19,53,52
2015/07/08,Hortonworks,88,78,71,80,3,80,76,52,67,81,20,96
2015/07/09,Hortonworks,2,17,26,23,21,68,38,32,69,68,74,82
2015/07/10,Hortonworks,86,5,33,3,10,58,94,6,49,38,90,36
2015/07/11,Hortonworks,40,8,27,22,74,44,78,49,31,76,60,54
2015/07/12,Hortonworks,74,90,67,96,80,96,11,32,72,18,79,55
2015/07/13,Hortonworks,31,99,51,4,4,54,18,13,23,59,93,17
2015/07/14,Hortonworks,81,76,60,70,32,37,1,42,75,29,17,79
2015/07/15,Hortonworks,29,78,85,86,16,21,59,62,39,69,68,38
2015/07/16,Hortonworks,57,44,27,12,87,72,6,38,91,36,92,67
2015/07/17,Hortonworks,72,79,36,39,11,42,23,67,21,85,32,17
2015/07/18,Hortonworks,64,92,46,20,94,2,9,94,54,28,79,44
2015/07/19,Hortonworks,28,32,46,16,12,26,53,65,82,70,73,13
2015/07/20,Hortonworks,58,14,78,64,8,14,87,34,91,62,16,95
2015/07/21,Hortonworks,76,34,98,64,95,39,49,57,52,29,24,94
2015/07/22,Hortonworks,32,97,10,96,89,61,18,7,51,97,30,24
2015/07/23,Hortonworks,44,51,16,1,28,3,0,82,47,22,98,79
2015/07/24,Hortonworks,67,14,9,95,8,23,3,51,77,70,67,89
2015/07/25,Hortonworks,25,31,82,95,80,69,1,58,75,13,46,93
2015/07/26,Hortonworks,69,33,62,25,61,22,24,20,40,89,60,68
2015/07/27,Hortonworks,72,90,39,74,4,97,27,68,46,58,98,33
2015/07/28,Hortonworks,45,62,76,79,20,44,51,55,88,50,99,57
2015/07/29,Hortonworks,58,41,81,95,64,56,1,68,60,13,58,72
2015/07/30,Hortonworks,78,28,7,6,59,1,42,83,91,33,21,30
2015/07/31,Hortonworks,67,72,19,5,39,62,58,30,57,77,56,20
2015/08/01,Hortonworks,19,99,97,77,44,98,3,65,96,78,8,16
2015/08/02,Hortonworks,51,14,37,96,75,1,89,36,98,90,1,32
2015/08/03,Hortonworks,55,19,17,97,1,59,40,70,84,27,86,97
2015/08/04,Hortonworks,62,9,28,1,29,64,43,45,70,42,49,92
2015/08/05,Hortonworks,40,85,8,79,71,20,66,56,52,90,63,20
2015/08/06,Hortonworks,35,76,69,86,46,30,43,18,90,21,88,29
2015/08/07,Hortonworks,46,53,71,12,43,60,61,10,13,70,92,1
2015/08/08,Hortonworks,85,86,57,78,22,2,66,48,39,37,60,94
2015/08/09,Hortonworks,79,39,23,95,44,29,36,11,72,14,44,79
2015/08/10,Hortonworks,98,46,9,26,81,0,30,30,42,61,18,42
2015/08/11,Hortonworks,64,70,85,37,94,49,98,75,19,92,26,84
2015/08/12,Hortonworks,23,77,9,17,64,13,20,36,78,32,80,47
2015/08/13,Hortonworks,47,100,18,85,37,72,42,68,12,73,25,40
2015/08/14,Hortonworks,3,26,19,72,13,48,40,21,55,87,14,2
2015/08/15,Hortonworks,46,27,40,56,68,47,34,82,76,11,68,97
2015/08/16,Hortonworks,65,84,9,40,50,72,44,71,2,62,53,93
2015/08/17,Hortonworks,28,88,60,58,13,45,92,16,29,60,12,23
2015/01/01,Oozie,64,96,72,77,86,62,75,83,82,14,16,57
2015/01/02,Oozie,5,53,5,3,59,97,5,53,83,7,38,28
2015/01/03,Oozie,68,60,69,12,5,6,21,6,79,20,1,13
2015/01/04,Oozie,91,40,35,53,25,40,34,58,61,86,20,25
2015/01/05,Oozie,34,57,60,63,93,23,90,32,3,20,39,50
2015/01/06,Oozie,39,27,70,81,85,31,98,37,79,34,5,91
2015/01/07,Oozie,68,77,67,41,61,28,92,53,10,83,33,87
2015/01/08,Oozie,83,68,4,1,34,60,24,74,67,83,82,58
2015/01/09,Oozie,61,13,96,57,8,54,40,23,32,32,26,0
2015/01/10,Oozie,3,72,83,57,93,11,41,3,89,80,45,9
2015/01/11,Oozie,48,61,31,43,82,12,66,30,36,53,96,26
2015/01/12,Oozie,44,82,50,39,22,93,54,90,69,50,34,56
2015/01/13,Oozie,86,50,26,71,37,31,98,65,87,2,66,96
2015/01/14,Oozie,88,62,53,30,23,82,46,77,72,6,13,23
2015/01/15,Oozie,15,66,23,100,36,92,55,19,72,86,89,61
2015/01/16,Oozie,27,3,48,87,6,74,26,63,41,67,23,2
2015/01/17,Oozie,63,49,16,60,44,10,80,87,61,84,33,81
2015/01/18,Oozie,81,60,97,67,64,60,61,63,73,95,37,93
2015/01/19,Oozie,22,74,89,58,24,19,24,83,35,7,63,66
2015/01/20,Oozie,61,16,41,87,37,100,75,87,88,92,73,34
2015/01/21,Oozie,58,58,6,37,97,36,30,75,39,74,79,19
2015/01/22,Oozie,87,65,95,59,74,26,69,26,15,53,21,68
2015/01/23,Oozie,84,57,25,76,45,76,33,46,25,25,96,9
2015/01/24,Oozie,13,44,7,14,11,87,2,51,80,34,87,47
2015/01/25,Oozie,66,73,24,74,62,41,61,14,55,28,13,1
2015/01/26,Oozie,39,35,0,44,80,76,18,64,22,13,29,2
2015/01/27,Oozie,72,53,54,4,48,42,28,32,99,71,29,71
2015/01/28,Oozie,98,51,76,8,54,31,98,72,95,96,12,0
2015/01/29,Oozie,57,52,35,38,81,24,35,56,33,21,34,16
2015/01/30,Oozie,60,21,85,2,62,71,2,88,58,35,88,62
2015/01/31,Oozie,27,2,45,96,35,69,20,74,90,47,47,0
2015/02/01,Oozie,85,25,82,79,8,2,40,89,80,26,72,6
2015/02/02,Oozie,61,20,20,31,46,42,38,23,13,10,67,75
2015/02/03,Oozie,29,2,31,67,30,21,41,18,91,21,87,74
2015/02/04,Oozie,88,61,11,91,95,81,0,39,97,35,64,44
2015/02/05,Oozie,16,40,58,80,14,38,41,85,53,7,20,33
2015/02/06,Oozie,36,73,82,76,39,86,71,2,7,53,45,76
2015/02/07,Oozie,75,30,23,32,21,12,94,88,21,39,42,56
2015/02/08,Oozie,41,7,27,10,67,45,97,1,6,30,36,76
2015/02/09,Oozie,75,72,27,71,63,46,36,74,16,8,21,44
2015/02/10,Oozie,88,4,76,29,83,5,60,67,56,71,79,48
2015/02/11,Oozie,58,8,90,68,32,35,90,34,49,78,16,54
2015/02/12,Oozie,36,37,62,32,58,98,90,55,25,5,30,54
2015/02/13,Oozie,86,34,84,81,64,87,40,54,75,19,96,66
2015/02/14,Oozie,56,84,79,11,8,29,16,95,51,23,66,48
2015/02/15,Oozie,9,80,12,70,28,85,65,82,65,1,78,5
2015/02/16,Oozie,33,90,69,21,79,28,96,22,57,53,91,8
2015/02/17,Oozie,54,49,10,14,40,53,46,91,65,43,21,61
2015/02/18,Oozie,55,16,78,29,48,42,54,66,0,46,16,64
2015/02/19,Oozie,62,69,80,70,4,93,16,32,72,44,52,40
2015/02/20,Oozie,93,5,14,96,20,81,89,50,32,38,79,10
2015/02/21,Oozie,24,39,42,47,34,28,74,1,92,43,45,53
2015/02/22,Oozie,65,29,89,94,38,84,88,93,49,28,29,66
2015/02/23,Oozie,39,36,69,76,53,19,63,57,11,14,77,79
2015/02/24,Oozie,27,58,60,31,71,73,32,22,83,49,20,27
2015/02/25,Oozie,82,39,95,23,70,55,74,23,11,51,63,15
2015/02/26,Oozie,40,29,21,75,26,74,12,99,53,57,92,40
2015/02/27,Oozie,75,94,52,74,45,8,35,10,48,70,16,82
2015/02/28,Oozie,77,73,38,46,18,36,65,46,7,98,98,30
2015/03/01,Oozie,10,57,20,70,33,43,30,36,44,51,20,6
2015/03/02,Oozie,36,85,58,3,0,97,99,19,97,2,32,15
2015/03/03,Oozie,90,10,4,50,88,13,98,60,43,96,32,88
2015/03/04,Oozie,62,13,45,62,61,86,86,21,18,74,12,33
2015/03/05,Oozie,55,69,2,66,29,26,8,23,8,66,67,67
2015/03/06,Oozie,94,31,25,59,84,1,74,58,58,62,27,62
2015/03/07,Oozie,69,22,4,19,7,29,55,1,78,34,4,20
2015/03/08,Oozie,11,49,46,65,25,21,49,66,10,68,31,71
2015/03/09,Oozie,70,91,58,16,65,75,89,85,27,80,7,74
2015/03/10,Oozie,19,78,50,12,1,39,58,73,34,41,41,99
2015/03/11,Oozie,78,69,97,17,71,57,37,3,26,82,45,17
2015/03/12,Oozie,94,52,56,29,76,9,65,47,93,89,93,76
2015/03/13,Oozie,24,46,4,39,49,61,58,50,9,15,21,59
2015/03/14,Oozie,93,34,80,36,28,15,91,80,52,13,61,93
2015/03/15,Oozie,40,85,48,73,9,82,35,51,60,31,43,74
2015/03/16,Oozie,59,41,68,53,100,98,81,54,56,19,81,85
2015/03/17,Oozie,10,3,47,82,48,75,54,73,95,0,40,72
2015/03/18,Oozie,4,61,40,16,40,75,24,72,97,67,7,13
2015/03/19,Oozie,61,90,73,96,76,43,51,12,18,85,33,59
2015/03/20,Oozie,49,82,7,20,76,17,64,33,18,70,71,33
2015/03/21,Oozie,18,18,62,5,1,40,48,54,19,24,29,67
2015/03/22,Oozie,86,86,99,34,43,99,79,95,94,54,31,16
2015/03/23,Oozie,95,60,26,49,64,3,48,23,22,35,15,6
2015/03/24,Oozie,91,73,21,42,93,74,86,41,42,18,78,99
2015/03/25,Oozie,57,32,13,36,2,10,8,10,70,42,35,49
2015/03/26,Oozie,79,76,41,15,91,98,56,9,49,34,5,80
2015/03/27,Oozie,19,80,68,97,84,82,88,32,63,64,42,36
2015/03/28,Oozie,65,34,8,99,16,76,54,36,13,20,97,66
2015/03/29,Oozie,26,1,42,85,82,20,62,98,95,65,31,99
2015/03/30,Oozie,26,3,83,57,86,45,27,17,13,96,49,18
2015/03/31,Oozie,31,25,83,31,1,35,78,11,25,14,3,85
2015/04/01,Oozie,71,77,37,43,58,46,57,78,9,89,50,73
2015/04/02,Oozie,76,3,87,45,40,79,64,45,73,44,66,31
2015/04/03,Oozie,54,88,38,75,97,93,29,2,68,15,34,83
2015/04/04,Oozie,91,37,9,23,48,41,7,43,43,26,67,88
2015/04/05,Oozie,31,99,93,58,98,7,58,17,92,20,18,55
2015/04/06,Oozie,90,34,17,79,59,28,2,16,94,55,73,64
2015/04/07,Oozie,43,87,52,27,45,39,86,86,94,39,85,36
2015/04/08,Oozie,63,23,1,18,11,76,60,28,65,3,84,36
2015/04/09,Oozie,24,12,36,16,14,69,53,72,7,19,86,61
2015/04/10,Oozie,81,50,93,12,42,10,100,42,47,73,30,6
2015/04/11,Oozie,73,49,0,43,40,1,24,6,65,86,27,13
2015/04/12,Oozie,79,17,4,40,88,69,30,96,80,79,48,99
2015/04/13,Oozie,89,23,68,83,1,20,34,73,95,99,47,86
2015/04/14,Oozie,60,53,54,74,5,90,30,71,5,73,95,17
2015/04/15,Oozie,93,36,3,62,52,98,8,68,55,97,99,38
2015/04/16,Oozie,13,98,81,48,49,75,50,94,68,89,46,89
2015/04/17,Oozie,97,61,41,78,25,0,12,19,56,28,58,61
2015/04/18,Oozie,88,80,99,21,46,89,7,3,21,9,51,59
2015/04/19,Oozie,71,56,32,34,6,73,96,21,25,73,77,81
2015/04/20,Oozie,31,63,48,43,57,49,44,26,97,27,44,29
2015/04/21,Oozie,14,52,14,23,34,34,71,90,96,3,60,80
2015/04/22,Oozie,58,84,24,44,76,6,77,3,60,36,65,44
2015/04/23,Oozie,44,89,67,41,55,14,37,76,97,96,29,100
2015/04/24,Oozie,13,75,11,74,5,49,10,77,87,23,9,70
2015/04/25,Oozie,83,72,89,6,34,67,32,13,54,9,59,60
2015/04/26,Oozie,17,36,74,18,97,43,50,67,79,27,66,6
2015/04/27,Oozie,85,70,40,88,67,13,11,78,63,18,4,42
2015/04/28,Oozie,4,70,12,82,46,7,42,29,85,66,17,25
2015/04/29,Oozie,50,15,81,61,55,81,39,64,32,57,37,75
2015/04/30,Oozie,22,47,58,59,45,76,69,22,16,44,90,72
2015/05/01,Oozie,96,35,77,99,10,94,59,44,60,81,67,86
2015/05/02,Oozie,38,38,47,76,8,96,36,1,51,95,6,40
2015/05/03,Oozie,70,24,52,26,52,27,23,31,85,21,87,97
2015/05/04,Oozie,91,55,78,54,53,80,51,34,41,95,5,19
2015/05/05,Oozie,6,35,41,84,97,65,21,34,4,38,27,99
2015/05/06,Oozie,9,71,41,97,25,53,87,38,6,28,81,51
2015/05/07,Oozie,23,52,43,0,3,16,76,50,51,26,92,40
2015/05/08,Oozie,32,26,88,42,56,21,90,89,66,37,94,52
2015/05/09,Oozie,90,62,38,17,21,80,39,21,53,29,66,18
2015/05/10,Oozie,54,4,43,68,18,91,23,16,81,36,5,62
2015/05/11,Oozie,97,52,2,89,36,69,28,44,5,25,31,2
2015/05/12,Oozie,97,15,99,92,80,18,62,80,82,32,29,71
2015/05/13,Oozie,69,27,45,22,100,86,57,99,93,30,31,67
2015/05/14,Oozie,86,21,85,80,21,18,18,100,48,98,80,48
2015/05/15,Oozie,63,52,84,77,9,72,61,93,19,31,48,83
2015/05/16,Oozie,69,77,30,45,40,44,9,77,35,84,87,17
2015/05/17,Oozie,9,97,62,72,82,97,55,50,52,11,77,64
2015/05/18,Oozie,33,29,59,1,16,47,2,85,32,44,65,18
2015/05/19,Oozie,10,50,74,11,29,98,66,13,54,24,61,79
2015/05/20,Oozie,79,46,43,53,14,7,56,77,61,57,11,70
2015/05/21,Oozie,27,38,82,2,99,34,24,85,11,31,7,44
2015/05/22,Oozie,80,89,91,50,22,95,84,45,45,74,24,77
2015/05/23,Oozie,8,22,42,28,56,93,95,42,14,93,10,33
2015/05/24,Oozie,35,31,59,97,15,44,81,22,23,60,50,45
2015/05/25,Oozie,74,61,79,75,42,68,66,88,24,67,1,51
2015/05/26,Oozie,52,30,79,35,1,87,37,84,99,10,45,63
2015/05/27,Oozie,47,96,53,16,19,79,56,36,79,58,5,50
2015/05/28,Oozie,21,17,71,93,21,8,45,33,56,6,57,31
2015/05/29,Oozie,91,24,66,37,88,29,45,55,65,79,50,29
2015/05/30,Oozie,21,29,85,16,16,36,57,3,62,39,15,14
2015/05/31,Oozie,51,15,69,56,76,83,3,16,92,49,67,29
2015/06/01,Oozie,73,59,60,51,71,50,82,38,35,60,78,98
2015/06/02,Oozie,7,43,43,47,14,65,80,10,43,8,52,70
2015/06/03,Oozie,19,30,27,65,90,48,74,92,90,57,69,2
2015/06/04,Oozie,56,9,4,61,41,45,5,2,12,61,9,43
2015/06/05,Oozie,5,75,89,51,57,79,31,4,9,24,53,89
2015/06/06,Oozie,32,78,52,93,40,60,13,1,15,41,34,24
2015/06/07,Oozie,50,87,2,28,3,17,40,0,66,70,72,40
2015/06/08,Oozie,27,50,21,3,50,18,31,38,42,57,4,69
2015/06/09,Oozie,34,34,27,49,42,81,56,31,70,25,13,83
2015/06/10,Oozie,85,59,52,64,93,29,36,53,97,95,24,2
2015/06/11,Oozie,29,32,93,82,69,34,96,65,10,81,58,20
2015/06/12,Oozie,52,86,51,74,39,60,76,3,41,25,25,12
2015/06/13,Oozie,46,75,56,37,87,18,7,33,51,70,88,52
2015/06/14,Oozie,22,95,54,66,0,75,68,73,87,35,28,61
2015/06/15,Oozie,39,28,27,97,15,81,50,57,67,88,47,26
2015/06/16,Oozie,46,36,68,72,30,48,92,30,91,69,11,48
2015/06/17,Oozie,37,68,12,30,1,78,82,81,15,88,86,31
2015/06/18,Oozie,45,69,7,94,6,18,31,2,39,93,22,8
2015/06/19,Oozie,25,99,16,61,95,37,59,39,0,45,8,18
2015/06/20,Oozie,52,24,63,9,10,1,84,61,9,47,30,70
2015/06/21,Oozie,15,53,94,18,33,82,18,97,32,9,69,40
2015/06/22,Oozie,52,88,59,95,4,8,66,88,96,76,8,12
2015/06/23,Oozie,63,18,86,5,100,50,21,62,63,65,36,17
2015/06/24,Oozie,98,25,17,51,96,32,22,86,16,77,40,87
2015/06/25,Oozie,40,37,48,50,70,45,24,39,64,75,53,40
2015/06/26,Oozie,65,78,9,5,61,70,63,76,74,16,57,76
2015/06/27,Oozie,70,55,29,86,64,82,64,66,58,12,14,85
2015/06/28,Oozie,96,2,70,12,60,25,51,49,76,33,61,1
2015/06/29,Oozie,74,5,93,35,86,16,94,38,49,11,9,65
2015/06/30,Oozie,42,75,82,55,46,36,99,78,19,66,15,89
2015/07/01,Oozie,24,38,8,10,51,60,11,37,13,39,79,89
2015/07/02,Oozie,13,19,49,24,51,65,79,29,64,66,94,88
2015/07/03,Oozie,53,47,17,19,14,34,64,71,97,56,84,63
2015/07/04,Oozie,65,21,27,62,2,33,68,33,84,74,3,68
2015/07/05,Oozie,58,24,66,5,50,9,85,97,60,51,69,17
2015/07/06,Oozie,8,83,39,8,81,85,26,74,2,80,4,46
2015/07/07,Oozie,45,39,19,80,52,58,92,91,28,71,54,89
2015/07/08,Oozie,43,4,67,3,2,9,28,38,58,1,67,82
2015/07/09,Oozie,10,34,77,61,5,11,73,70,90,26,90,82
2015/07/10,Oozie,68,72,79,69,2,16,84,34,28,63,18,85
2015/07/11,Oozie,45,11,52,88,63,75,63,98,59,11,8,68
2015/07/12,Oozie,52,18,48,74,44,55,69,64,19,11,92,65
2015/07/13,Oozie,75,41,58,71,96,51,4,17,99,81,8,54
2015/07/14,Oozie,81,70,32,79,84,34,20,24,40,9,97,54
2015/07/15,Oozie,61,79,63,78,73,62,20,35,75,79,49,34
2015/07/16,Oozie,10,40,89,76,66,15,56,3,93,67,8,32
2015/07/17,Oozie,24,59,47,98,41,87,95,78,84,98,55,100
2015/07/18,Oozie,48,7,78,36,62,7,59,63,51,79,65,80
2015/07/19,Oozie,55,67,58,17,18,12,6,14,56,47,77,59
2015/07/20,Oozie,4,63,32,24,68,4,90,1,22,24,28,89
2015/07/21,Oozie,6,96,63,96,77,4,78,75,96,5,15,42
2015/07/22,Oozie,14,93,22,72,98,54,27,45,55,15,100,47
2015/07/23,Oozie,6,69,22,90,2,87,53,83,69,2,82,39
2015/07/24,Oozie,77,95,62,80,77,56,3,81,77,88,14,45
2015/07/25,Oozie,65,0,20,41,57,60,81,64,19,84,92,18
2015/07/26,Oozie,54,95,77,22,81,73,57,17,19,65,40,23
2015/07/27,Oozie,46,25,79,16,99,73,18,98,3,42,87,78
2015/07/28,Oozie,12,64,11,76,39,28,38,18,23,50,5,25
2015/07/29,Oozie,14,16,96,6,86,44,28,81,55,38,17,1
2015/07/30,Oozie,6,22,30,13,43,47,65,59,39,82,16,11
2015/07/31,Oozie,44,86,41,49,89,31,95,67,17,10,88,22
2015/08/01,Oozie,27,65,27,72,44,26,55,31,62,69,36,62
2015/08/02,Oozie,86,5,94,10,87,21,42,40,97,51,70,75
2015/08/03,Oozie,39,18,22,60,15,22,16,9,73,15,19,79
2015/08/04,Oozie,62,37,98,97,29,78,85,32,30,12,25,96
2015/08/05,Oozie,62,13,30,9,31,18,70,47,10,70,70,42
2015/08/06,Oozie,28,83,64,18,87,85,86,35,22,99,8,73
2015/08/07,Oozie,2,26,28,44,35,32,18,93,5,1,68,15
2015/08/08,Oozie,66,95,11,19,90,34,15,67,15,75,52,2
2015/08/09,Oozie,66,19,61,72,81,98,8,93,77,40,69,55
2015/08/10,Oozie,57,10,22,42,83,38,99,62,83,63,14,9
2015/08/11,Oozie,61,75,31,52,9,66,52,88,24,71,70,73
2015/08/12,Oozie,18,93,23,86,72,75,33,60,72,25,18,12
2015/08/13,Oozie,29,21,20,44,18,66,96,90,51,86,5,35
2015/08/14,Oozie,85,37,49,9,99,78,40,35,13,25,6,24
2015/08/15,Oozie,10,17,37,91,83,78,44,81,33,27,27,13
2015/08/16,Oozie,28,8,74,34,32,13,96,80,63,76,83,13
2015/08/17,Oozie,39,27,55,28,78,47,68,50,75,19,19,41
